Frame,obj_1,obj_2
1,0.0,0.0
2,0.0,0.0
3,0.0,0.01
4,0.0,0.0
5,0.01,0.0
6,0.01,0.0
7,0.01,0.0
8,0.01,0.0
9,0.01,0.0
10,0.01,0.0
11,0.01,0.0
12,0.01,0.0
13,0.01,0.0
14,0.01,0.0
15,0.01,0.0
16,0.01,0.0
17,0.01,0.0
18,0.01,0.0
19,0.0,0.0
20,0.0,0.0
21,0.0,0.0
22,0.0,0.0
23,0.0,0.0
24,0.0,0.0
25,0.0,0.0
26,0.0,0.0
27,0.0,0.0
28,0.0,0.0
29,0.0,0.0
30,0.0,0.0
31,0.0,0.0
32,0.0,0.0
33,0.0,0.0
34,0.0,0.0
35,0.0,0.0
36,0.0,0.0
37,0.0,0.0
38,0.0,0.0
39,0.0,0.0
40,0.0,0.01
41,0.0,0.01
42,0.0,0.01
43,0.0,0.01
44,0.0,0.01
45,0.0,0.01
46,0.0,0.01
47,0.0,0.01
48,0.0,0.01
49,0.0,0.01
50,0.0,0.0
51,0.0,0.0
52,0.0,0.0
53,0.0,0.0
54,0.0,0.0
55,0.0,0.0
56,0.0,0.0
57,0.0,0.0
58,0.0,0.0
59,0.0,0.0
60,0.0,0.0
61,0.0,0.0
62,0.0,0.0
63,0.0,0.0
64,0.0,0.0
65,0.0,0.0
66,0.0,0.0
67,0.0,0.0
68,0.0,0.0
69,0.0,0.0
70,0.0,0.0
71,0.0,0.0
72,0.0,0.0
73,0.0,0.0
74,0.0,0.0
75,0.0,0.0
76,0.0,0.0
77,0.0,0.0
78,0.0,0.0
79,0.0,0.0
80,0.0,0.0
81,0.0,0.01
82,0.0,0.01
83,0.0,0.01
84,0.0,0.01
85,0.0,0.0
86,0.0,0.01
87,0.0,0.0
88,0.0,0.0
89,0.0,0.0
90,0.0,0.0
91,0.0,0.0
92,0.01,0.0
93,0.01,0.0
94,0.01,0.0
95,0.01,0.0
96,0.0,0.0
97,0.0,0.0
98,0.0,0.0
99,0.0,0.0
100,0.0,0.0
101,0.0,0.0
102,0.01,0.0
103,0.01,0.0
104,0.01,0.0
105,0.01,0.0
106,0.01,0.0
107,0.01,0.0
108,0.01,0.0
109,0.01,0.0
110,0.01,0.0
111,0.01,0.0
112,0.01,0.0
113,0.01,0.0
114,0.01,0.0
115,0.01,0.0
116,0.01,0.0
117,0.01,0.0
118,0.01,0.0
119,0.01,0.0
120,0.01,0.0
121,0.01,0.0
122,0.01,0.0
123,0.01,0.0
124,0.01,0.0
125,0.01,0.0
126,0.01,0.0
127,0.01,0.0
128,0.01,0.0
129,0.01,0.0
130,0.01,0.0
131,0.01,0.0
132,0.01,0.0
133,0.01,0.0
134,0.01,0.0
135,0.0,0.0
136,0.0,0.0
137,0.0,0.0
138,0.0,0.0
139,0.0,0.0
140,0.0,0.0
141,0.0,0.0
142,0.0,0.0
143,0.0,0.0
144,0.0,0.0
145,0.0,0.0
146,0.0,0.0
147,0.0,0.0
148,0.0,0.0
149,0.0,0.0
150,0.01,0.0
151,0.01,0.0
152,0.01,0.0
153,0.01,0.0
154,0.01,0.0
155,0.01,0.0
156,0.01,0.0
157,0.01,0.0
158,0.01,0.0
159,0.01,0.0
160,0.01,0.0
161,0.01,0.0
162,0.01,0.0
163,0.01,0.0
164,0.01,0.0
165,0.01,0.0
166,0.01,0.0
167,0.01,0.0
168,0.01,0.0
169,0.01,0.0
170,0.01,0.0
171,0.01,0.0
172,0.01,0.0
173,0.02,0.0
174,0.02,0.0
175,0.02,0.0
176,0.02,0.0
177,0.01,0.0
178,0.01,0.0
179,0.01,0.0
180,0.01,0.0
181,0.0,0.0
182,0.0,0.0
183,0.0,0.0
184,0.0,0.0
185,0.0,0.0
186,0.0,0.0
187,0.0,0.0
188,0.0,0.01
189,0.0,0.01
190,0.0,0.01
191,0.0,0.0
192,0.0,0.0
193,0.0,0.0
194,0.0,0.01
195,0.0,0.0
196,0.0,0.0
197,0.0,0.0
198,0.0,0.0
199,0.0,0.0
200,0.0,0.0
201,0.0,0.0
202,0.0,0.0
203,0.0,0.0
204,0.0,0.0
205,0.0,0.0
206,0.0,0.0
207,0.0,0.0
208,0.0,0.0
209,0.0,0.0
210,0.0,0.0
211,0.0,0.0
212,0.0,0.0
213,0.0,0.0
214,0.0,0.0
215,0.0,0.0
216,0.0,0.0
217,0.0,0.0
218,0.0,0.0
219,0.0,0.0
220,0.0,0.0
221,0.0,0.0
222,0.0,0.0
223,0.0,0.0
224,0.0,0.0
225,0.0,0.0
226,0.0,0.0
227,0.0,0.0
228,0.0,0.0
229,0.0,0.0
230,0.0,0.0
231,0.0,0.0
232,0.0,0.0
233,0.0,0.0
234,0.0,0.0
235,0.0,0.0
236,0.0,0.0
237,0.0,0.0
238,0.0,0.0
239,0.0,0.0
240,0.0,0.0
241,0.0,0.0
242,0.0,0.0
243,0.0,0.0
244,0.0,0.0
245,0.0,0.0
246,0.0,0.0
247,0.0,0.0
248,0.0,0.0
249,0.0,0.0
250,0.0,0.0
251,0.0,0.01
252,0.0,0.01
253,0.0,0.01
254,0.0,0.01
255,0.0,0.01
256,0.0,0.01
257,0.0,0.01
258,0.0,0.02
259,0.0,0.02
260,0.0,0.02
261,0.0,0.02
262,0.0,0.02
263,0.0,0.03
264,0.0,0.04
265,0.0,0.04
266,0.0,0.05
267,0.0,0.05
268,0.0,0.05
269,0.0,0.05
270,0.0,0.05
271,0.0,0.05
272,0.0,0.05
273,0.0,0.05
274,0.0,0.04
275,0.0,0.02
276,0.0,0.02
277,0.0,0.02
278,0.0,0.01
279,0.0,0.02
280,0.0,0.02
281,0.0,0.02
282,0.0,0.03
283,0.0,0.03
284,0.0,0.03
285,0.0,0.04
286,0.0,0.04
287,0.0,0.04
288,0.0,0.04
289,0.0,0.04
290,0.0,0.04
291,0.0,0.04
292,0.0,0.04
293,0.0,0.04
294,0.0,0.04
295,0.0,0.04
296,0.0,0.04
297,0.0,0.04
298,0.0,0.04
299,0.0,0.04
300,0.0,0.03
301,0.0,0.02
302,0.0,0.02
303,0.0,0.02
304,0.0,0.01
305,0.0,0.01
306,0.0,0.01
307,0.0,0.01
308,0.0,0.01
309,0.0,0.01
310,0.0,0.01
311,0.0,0.01
312,0.0,0.01
313,0.0,0.01
314,0.0,0.0
315,0.0,0.0
316,0.0,0.0
317,0.0,0.0
318,0.0,0.0
319,0.0,0.0
320,0.0,0.0
321,0.0,0.0
322,0.0,0.0
323,0.0,0.0
324,0.0,0.0
325,0.0,0.0
326,0.0,0.0
327,0.0,0.0
328,0.0,0.0
329,0.0,0.0
330,0.0,0.0
331,0.0,0.0
332,0.0,0.0
333,0.0,0.0
334,0.0,0.0
335,0.0,0.0
336,0.0,0.0
337,0.0,0.0
338,0.0,0.0
339,0.0,0.0
340,0.0,0.0
341,0.0,0.0
342,0.0,0.0
343,0.0,0.0
344,0.0,0.0
345,0.0,0.0
346,0.0,0.0
347,0.0,0.0
348,0.0,0.0
349,0.0,0.0
350,0.0,0.0
351,0.0,0.0
352,0.0,0.0
353,0.0,0.0
354,0.0,0.0
355,0.0,0.0
356,0.0,0.0
357,0.0,0.0
358,0.0,0.0
359,0.0,0.0
360,0.0,0.0
361,0.0,0.0
362,0.0,0.0
363,0.0,0.0
364,0.0,0.0
365,0.0,0.0
366,0.0,0.0
367,0.0,0.0
368,0.0,0.0
369,0.0,0.01
370,0.0,0.01
371,0.0,0.01
372,0.0,0.01
373,0.0,0.01
374,0.0,0.01
375,0.0,0.01
376,0.0,0.01
377,0.0,0.01
378,0.0,0.01
379,0.0,0.01
380,0.01,0.01
381,0.02,0.01
382,0.04,0.01
383,0.1,0.01
384,0.11,0.02
385,0.1,0.05
386,0.09,0.05
387,0.12,0.1
388,0.39,0.1
389,0.31,0.1
390,0.69,0.1
391,0.79,0.1
392,0.77,0.1
393,0.77,0.1
394,0.74,0.1
395,0.65,0.1
396,0.49,0.1
397,0.44,0.1
398,0.25,0.1
399,0.11,0.1
400,0.02,0.11
401,0.01,0.11
402,0.01,0.11
403,0.0,0.11
404,0.0,0.11
405,0.0,0.11
406,0.0,0.11
407,0.0,0.1
408,0.0,0.05
409,0.0,0.02
410,0.0,0.01
411,0.0,0.01
412,0.01,0.01
413,0.01,0.01
414,0.01,0.01
415,0.0,0.01
416,0.0,0.01
417,0.0,0.01
418,0.0,0.01
419,0.0,0.01
420,0.0,0.01
421,0.0,0.01
422,0.0,0.01
423,0.0,0.01
424,0.0,0.01
425,0.0,0.01
426,0.0,0.01
427,0.0,0.01
428,0.0,0.01
429,0.0,0.01
430,0.0,0.01
431,0.0,0.01
432,0.0,0.01
433,0.0,0.01
434,0.0,0.01
435,0.0,0.01
436,0.0,0.01
437,0.0,0.01
438,0.0,0.01
439,0.0,0.01
440,0.0,0.01
441,0.0,0.01
442,0.0,0.01
443,0.0,0.01
444,0.0,0.01
445,0.0,0.01
446,0.0,0.01
447,0.0,0.01
448,0.0,0.01
449,0.0,0.01
450,0.0,0.01
451,0.0,0.01
452,0.0,0.01
453,0.0,0.01
454,0.0,0.01
455,0.0,0.01
456,0.0,0.01
457,0.0,0.01
458,0.0,0.01
459,0.0,0.01
460,0.0,0.01
461,0.01,0.01
462,0.01,0.01
463,0.01,0.01
464,0.01,0.01
465,0.01,0.01
466,0.01,0.01
467,0.01,0.0
468,0.01,0.0
469,0.01,0.0
470,0.01,0.0
471,0.0,0.0
472,0.0,0.0
473,0.0,0.0
474,0.0,0.0
475,0.0,0.0
476,0.0,0.0
477,0.01,0.0
478,0.02,0.0
479,0.03,0.0
480,0.02,0.0
481,0.03,0.0
482,0.02,0.0
483,0.02,0.0
484,0.03,0.0
485,0.05,0.0
486,0.03,0.0
487,0.03,0.0
488,0.03,0.0
489,0.03,0.0
490,0.03,0.0
491,0.03,0.0
492,0.03,0.0
493,0.03,0.0
494,0.03,0.0
495,0.03,0.0
496,0.03,0.0
497,0.03,0.0
498,0.03,0.0
499,0.02,0.0
500,0.02,0.0
501,0.02,0.0
502,0.02,0.0
503,0.02,0.0
504,0.02,0.0
505,0.02,0.0
506,0.02,0.0
507,0.02,0.0
508,0.02,0.0
509,0.01,0.0
510,0.01,0.0
511,0.01,0.0
512,0.01,0.0
513,0.01,0.0
514,0.01,0.0
515,0.01,0.0
516,0.01,0.0
517,0.01,0.0
518,0.01,0.0
519,0.01,0.0
520,0.01,0.0
521,0.01,0.0
522,0.01,0.0
523,0.01,0.0
524,0.01,0.0
525,0.01,0.0
526,0.01,0.0
527,0.01,0.0
528,0.01,0.0
529,0.01,0.0
530,0.01,0.0
531,0.01,0.0
532,0.01,0.0
533,0.01,0.0
534,0.01,0.0
535,0.01,0.0
536,0.01,0.0
537,0.01,0.0
538,0.01,0.0
539,0.01,0.0
540,0.01,0.0
541,0.01,0.0
542,0.01,0.0
543,0.01,0.0
544,0.01,0.0
545,0.01,0.0
546,0.01,0.0
547,0.01,0.0
548,0.01,0.0
549,0.01,0.0
550,0.01,0.0
551,0.01,0.0
552,0.01,0.0
553,0.01,0.0
554,0.0,0.0
555,0.0,0.0
556,0.0,0.0
557,0.01,0.0
558,0.01,0.0
559,0.01,0.01
560,0.01,0.03
561,0.0,0.05
562,0.0,0.07
563,0.0,0.1
564,0.0,0.13
565,0.0,0.18
566,0.0,0.27
567,0.0,0.31
568,0.01,0.27
569,0.01,0.15
570,0.01,0.13
571,0.01,0.2
572,0.01,0.22
573,0.0,0.26
574,0.0,0.3
575,0.0,0.33
576,0.0,0.33
577,0.0,0.35
578,0.0,0.36
579,0.0,0.42
580,0.0,0.52
581,0.01,0.57
582,0.01,0.62
583,0.01,0.67
584,0.01,0.69
585,0.01,0.7
586,0.01,0.7
587,0.01,0.66
588,0.01,0.65
589,0.01,0.5
590,0.01,0.35
591,0.01,0.37
592,0.01,0.28
593,0.02,0.36
594,0.01,0.28
595,0.01,0.13
596,0.0,0.03
597,0.0,0.03
598,0.0,0.01
599,0.0,0.0
600,0.0,0.01
601,0.0,0.01
602,0.0,0.01
603,0.0,0.0
604,0.0,0.0
605,0.0,0.01
606,0.0,0.01
607,0.0,0.04
608,0.0,0.02
609,0.0,0.02
610,0.0,0.03
611,0.0,0.03
612,0.0,0.03
613,0.0,0.0
614,0.0,0.0
615,0.0,0.0
616,0.0,0.0
617,0.0,0.01
618,0.0,0.0
619,0.0,0.01
620,0.0,0.01
621,0.0,0.0
622,0.0,0.0
623,0.0,0.0
624,0.0,0.0
625,0.0,0.0
626,0.0,0.0
627,0.0,0.0
628,0.0,0.01
629,0.0,0.01
630,0.0,0.0
631,0.0,0.0
632,0.0,0.0
633,0.0,0.0
634,0.0,0.0
635,0.0,0.0
636,0.0,0.0
637,0.0,0.0
638,0.0,0.0
639,0.0,0.0
640,0.0,0.0
641,0.0,0.0
642,0.0,0.0
643,0.0,0.0
644,0.0,0.0
645,0.0,0.0
646,0.0,0.0
647,0.0,0.0
648,0.0,0.0
649,0.0,0.0
650,0.0,0.0
651,0.0,0.0
652,0.0,0.0
653,0.0,0.0
654,0.0,0.0
655,0.0,0.0
656,0.0,0.0
657,0.0,0.0
658,0.0,0.0
659,0.0,0.0
660,0.0,0.0
661,0.0,0.0
662,0.0,0.0
663,0.0,0.0
664,0.0,0.0
665,0.0,0.0
666,0.0,0.0
667,0.0,0.0
668,0.0,0.0
669,0.0,0.0
670,0.0,0.0
671,0.0,0.0
672,0.0,0.0
673,0.0,0.0
674,0.0,0.0
675,0.0,0.0
676,0.0,0.0
677,0.0,0.0
678,0.0,0.0
679,0.0,0.0
680,0.0,0.0
681,0.0,0.0
682,0.0,0.0
683,0.0,0.0
684,0.0,0.0
685,0.0,0.0
686,0.0,0.0
687,0.0,0.0
688,0.0,0.0
689,0.0,0.0
690,0.0,0.0
691,0.0,0.0
692,0.0,0.0
693,0.0,0.0
694,0.0,0.0
695,0.0,0.01
696,0.0,0.01
697,0.0,0.01
698,0.0,0.01
699,0.0,0.01
700,0.0,0.01
701,0.0,0.01
702,0.0,0.01
703,0.0,0.01
704,0.0,0.01
705,0.0,0.01
706,0.0,0.01
707,0.0,0.02
708,0.0,0.02
709,0.0,0.02
710,0.0,0.02
711,0.0,0.02
712,0.0,0.02
713,0.0,0.02
714,0.0,0.02
715,0.0,0.02
716,0.0,0.02
717,0.0,0.02
718,0.0,0.01
719,0.0,0.01
720,0.0,0.01
721,0.0,0.01
722,0.0,0.01
723,0.0,0.0
724,0.0,0.0
725,0.0,0.0
726,0.0,0.0
727,0.0,0.0
728,0.0,0.0
729,0.0,0.0
730,0.0,0.0
731,0.0,0.0
732,0.0,0.0
733,0.0,0.0
734,0.0,0.0
735,0.0,0.0
736,0.0,0.0
737,0.0,0.0
738,0.0,0.0
739,0.0,0.0
740,0.0,0.0
741,0.0,0.0
742,0.0,0.0
743,0.0,0.0
744,0.0,0.0
745,0.0,0.0
746,0.0,0.0
747,0.0,0.0
748,0.0,0.0
749,0.0,0.0
750,0.0,0.0
751,0.0,0.0
752,0.0,0.0
753,0.0,0.0
754,0.0,0.0
755,0.0,0.0
756,0.0,0.0
757,0.0,0.0
758,0.0,0.0
759,0.0,0.0
760,0.0,0.0
761,0.0,0.0
762,0.0,0.0
763,0.0,0.0
764,0.0,0.0
765,0.0,0.0
766,0.0,0.01
767,0.0,0.01
768,0.0,0.01
769,0.0,0.01
770,0.0,0.01
771,0.0,0.01
772,0.0,0.01
773,0.0,0.01
774,0.0,0.01
775,0.0,0.01
776,0.0,0.01
777,0.0,0.01
778,0.0,0.01
779,0.0,0.01
780,0.0,0.0
781,0.0,0.0
782,0.0,0.0
783,0.0,0.0
784,0.0,0.0
785,0.0,0.0
786,0.0,0.0
787,0.0,0.0
788,0.0,0.0
789,0.0,0.0
790,0.0,0.0
791,0.0,0.0
792,0.0,0.0
793,0.0,0.0
794,0.0,0.0
795,0.0,0.0
796,0.0,0.0
797,0.0,0.0
798,0.0,0.0
799,0.0,0.0
800,0.0,0.0
801,0.0,0.0
802,0.0,0.0
803,0.0,0.0
804,0.0,0.0
805,0.0,0.0
806,0.0,0.0
807,0.0,0.0
808,0.0,0.0
809,0.0,0.0
810,0.0,0.0
811,0.0,0.0
812,0.0,0.0
813,0.0,0.0
814,0.0,0.0
815,0.0,0.0
816,0.0,0.0
817,0.0,0.0
818,0.0,0.0
819,0.0,0.0
820,0.0,0.0
821,0.0,0.0
822,0.0,0.0
823,0.0,0.0
824,0.0,0.0
825,0.0,0.0
826,0.0,0.0
827,0.0,0.0
828,0.0,0.0
829,0.0,0.0
830,0.0,0.0
831,0.0,0.0
832,0.0,0.0
833,0.0,0.0
834,0.0,0.0
835,0.0,0.0
836,0.0,0.0
837,0.0,0.0
838,0.0,0.0
839,0.0,0.0
840,0.0,0.0
841,0.0,0.0
842,0.0,0.0
843,0.0,0.0
844,0.0,0.0
845,0.0,0.0
846,0.0,0.0
847,0.0,0.0
848,0.0,0.0
849,0.0,0.0
850,0.0,0.0
851,0.0,0.0
852,0.0,0.0
853,0.0,0.0
854,0.0,0.0
855,0.0,0.0
856,0.0,0.0
857,0.0,0.0
858,0.0,0.0
859,0.0,0.0
860,0.0,0.0
861,0.0,0.0
862,0.0,0.0
863,0.0,0.01
864,0.0,0.01
865,0.0,0.01
866,0.0,0.01
867,0.0,0.01
868,0.0,0.01
869,0.0,0.01
870,0.0,0.01
871,0.0,0.01
872,0.0,0.0
873,0.0,0.0
874,0.0,0.0
875,0.0,0.0
876,0.0,0.0
877,0.0,0.0
878,0.0,0.0
879,0.0,0.0
880,0.0,0.0
881,0.0,0.0
882,0.0,0.0
883,0.0,0.0
884,0.0,0.0
885,0.0,0.0
886,0.0,0.0
887,0.0,0.0
888,0.0,0.0
889,0.0,0.0
890,0.0,0.0
891,0.0,0.0
892,0.0,0.0
893,0.0,0.0
894,0.0,0.0
895,0.0,0.0
896,0.0,0.0
897,0.0,0.0
898,0.0,0.0
899,0.0,0.0
900,0.0,0.0
901,0.0,0.0
902,0.0,0.0
903,0.0,0.0
904,0.0,0.0
905,0.0,0.0
906,0.0,0.0
907,0.0,0.0
908,0.0,0.0
909,0.0,0.0
910,0.0,0.0
911,0.0,0.0
912,0.0,0.0
913,0.0,0.0
914,0.0,0.0
915,0.0,0.0
916,0.0,0.0
917,0.0,0.0
918,0.0,0.0
919,0.0,0.0
920,0.0,0.0
921,0.0,0.0
922,0.0,0.0
923,0.0,0.0
924,0.0,0.0
925,0.0,0.0
926,0.0,0.0
927,0.0,0.0
928,0.0,0.0
929,0.0,0.0
930,0.0,0.0
931,0.0,0.0
932,0.0,0.0
933,0.0,0.0
934,0.0,0.0
935,0.0,0.0
936,0.0,0.0
937,0.0,0.0
938,0.0,0.0
939,0.0,0.0
940,0.0,0.0
941,0.0,0.0
942,0.0,0.0
943,0.0,0.0
944,0.0,0.0
945,0.0,0.0
946,0.0,0.0
947,0.0,0.0
948,0.0,0.0
949,0.0,0.0
950,0.0,0.0
951,0.0,0.0
952,0.0,0.0
953,0.0,0.0
954,0.0,0.0
955,0.0,0.0
956,0.0,0.0
957,0.0,0.0
958,0.0,0.0
959,0.0,0.0
960,0.0,0.0
961,0.0,0.0
962,0.0,0.0
963,0.0,0.0
964,0.0,0.0
965,0.0,0.0
966,0.0,0.0
967,0.0,0.0
968,0.0,0.0
969,0.0,0.0
970,0.0,0.0
971,0.0,0.0
972,0.0,0.0
973,0.0,0.0
974,0.0,0.0
975,0.0,0.0
976,0.0,0.0
977,0.0,0.0
978,0.0,0.0
979,0.0,0.0
980,0.0,0.0
981,0.0,0.0
982,0.0,0.0
983,0.0,0.0
984,0.0,0.0
985,0.0,0.0
986,0.0,0.0
987,0.0,0.0
988,0.0,0.0
989,0.0,0.0
990,0.0,0.0
991,0.0,0.0
992,0.0,0.0
993,0.0,0.0
994,0.0,0.0
995,0.0,0.0
996,0.0,0.0
997,0.0,0.0
998,0.0,0.0
999,0.0,0.0
1000,0.0,0.0
1001,0.0,0.0
1002,0.0,0.0
1003,0.0,0.0
1004,0.0,0.0
1005,0.0,0.0
1006,0.0,0.0
1007,0.0,0.0
1008,0.0,0.0
1009,0.0,0.0
1010,0.0,0.0
1011,0.0,0.0
1012,0.0,0.0
1013,0.0,0.0
1014,0.0,0.0
1015,0.0,0.0
1016,0.0,0.0
1017,0.0,0.0
1018,0.0,0.0
1019,0.0,0.0
1020,0.0,0.0
1021,0.0,0.0
1022,0.0,0.0
1023,0.0,0.0
1024,0.0,0.01
1025,0.0,0.01
1026,0.0,0.01
1027,0.0,0.01
1028,0.0,0.01
1029,0.0,0.01
1030,0.0,0.0
1031,0.0,0.0
1032,0.0,0.0
1033,0.0,0.0
1034,0.0,0.0
1035,0.0,0.0
1036,0.0,0.0
1037,0.0,0.0
1038,0.0,0.0
1039,0.0,0.0
1040,0.0,0.0
1041,0.0,0.0
1042,0.0,0.0
1043,0.0,0.0
1044,0.0,0.0
1045,0.0,0.0
1046,0.0,0.0
1047,0.0,0.0
1048,0.0,0.0
1049,0.0,0.0
1050,0.0,0.0
1051,0.0,0.0
1052,0.0,0.0
1053,0.0,0.0
1054,0.0,0.0
1055,0.0,0.0
1056,0.0,0.0
1057,0.0,0.0
1058,0.0,0.0
1059,0.0,0.0
1060,0.0,0.0
1061,0.0,0.0
1062,0.0,0.0
1063,0.0,0.0
1064,0.0,0.0
1065,0.01,0.0
1066,0.01,0.0
1067,0.0,0.0
1068,0.0,0.0
1069,0.0,0.0
1070,0.0,0.0
1071,0.0,0.0
1072,0.0,0.0
1073,0.0,0.0
1074,0.0,0.0
1075,0.0,0.0
1076,0.01,0.0
1077,0.01,0.0
1078,0.0,0.0
1079,0.0,0.0
1080,0.0,0.0
1081,0.0,0.0
1082,0.0,0.0
1083,0.0,0.0
1084,0.0,0.0
1085,0.0,0.0
1086,0.0,0.0
1087,0.0,0.0
1088,0.0,0.0
1089,0.0,0.0
1090,0.0,0.0
1091,0.0,0.0
1092,0.0,0.0
1093,0.0,0.0
1094,0.0,0.0
1095,0.0,0.0
1096,0.0,0.0
1097,0.0,0.0
1098,0.0,0.0
1099,0.0,0.0
1100,0.0,0.0
1101,0.0,0.0
1102,0.0,0.0
1103,0.0,0.0
1104,0.0,0.0
1105,0.0,0.0
1106,0.0,0.0
1107,0.0,0.0
1108,0.0,0.0
1109,0.0,0.0
1110,0.0,0.0
1111,0.0,0.0
1112,0.0,0.0
1113,0.0,0.0
1114,0.0,0.0
1115,0.0,0.0
1116,0.0,0.0
1117,0.0,0.0
1118,0.0,0.0
1119,0.0,0.0
1120,0.0,0.0
1121,0.0,0.0
1122,0.0,0.0
1123,0.0,0.0
1124,0.0,0.0
1125,0.0,0.0
1126,0.0,0.0
1127,0.0,0.0
1128,0.0,0.0
1129,0.0,0.0
1130,0.0,0.0
1131,0.0,0.0
1132,0.0,0.01
1133,0.0,0.01
1134,0.0,0.01
1135,0.0,0.01
1136,0.0,0.02
1137,0.0,0.02
1138,0.0,0.02
1139,0.0,0.01
1140,0.0,0.01
1141,0.0,0.01
1142,0.0,0.03
1143,0.0,0.02
1144,0.0,0.01
1145,0.0,0.01
1146,0.0,0.01
1147,0.0,0.01
1148,0.0,0.01
1149,0.0,0.01
1150,0.0,0.01
1151,0.0,0.01
1152,0.0,0.01
1153,0.0,0.01
1154,0.0,0.01
1155,0.0,0.01
1156,0.0,0.01
1157,0.0,0.01
1158,0.0,0.01
1159,0.0,0.01
1160,0.0,0.01
1161,0.0,0.01
1162,0.0,0.0
1163,0.0,0.0
1164,0.0,0.0
1165,0.0,0.0
1166,0.0,0.0
1167,0.0,0.0
1168,0.0,0.0
1169,0.0,0.0
1170,0.0,0.0
1171,0.0,0.0
1172,0.0,0.0
1173,0.0,0.0
1174,0.0,0.0
1175,0.0,0.0
1176,0.0,0.0
1177,0.0,0.0
1178,0.0,0.0
1179,0.01,0.0
1180,0.01,0.0
1181,0.01,0.0
1182,0.01,0.0
1183,0.01,0.0
1184,0.01,0.0
1185,0.01,0.0
1186,0.01,0.0
1187,0.01,0.0
1188,0.01,0.0
1189,0.01,0.0
1190,0.01,0.0
1191,0.01,0.0
1192,0.01,0.0
1193,0.01,0.0
1194,0.01,0.0
1195,0.01,0.0
1196,0.01,0.0
1197,0.01,0.0
1198,0.01,0.0
1199,0.01,0.0
1200,0.01,0.0
1201,0.0,0.0
1202,0.0,0.0
1203,0.0,0.0
1204,0.01,0.0
1205,0.01,0.0
1206,0.01,0.0
1207,0.01,0.0
1208,0.01,0.0
1209,0.01,0.0
1210,0.01,0.0
1211,0.01,0.0
1212,0.01,0.0
1213,0.01,0.0
1214,0.01,0.0
1215,0.01,0.0
1216,0.01,0.0
1217,0.01,0.0
1218,0.01,0.0
1219,0.01,0.0
1220,0.01,0.0
1221,0.01,0.0
1222,0.01,0.0
1223,0.01,0.0
1224,0.01,0.0
1225,0.01,0.0
1226,0.01,0.0
1227,0.0,0.0
1228,0.0,0.0
1229,0.0,0.0
1230,0.0,0.0
1231,0.0,0.0
1232,0.0,0.0
1233,0.0,0.0
1234,0.0,0.0
1235,0.0,0.0
1236,0.0,0.0
1237,0.0,0.0
1238,0.0,0.0
1239,0.0,0.0
1240,0.0,0.0
1241,0.0,0.0
1242,0.0,0.0
1243,0.0,0.0
1244,0.0,0.0
1245,0.0,0.0
1246,0.0,0.0
1247,0.0,0.0
1248,0.0,0.0
1249,0.0,0.0
1250,0.0,0.0
1251,0.0,0.0
1252,0.0,0.0
1253,0.0,0.0
1254,0.0,0.0
1255,0.0,0.0
1256,0.0,0.0
1257,0.0,0.0
1258,0.0,0.0
1259,0.0,0.0
1260,0.0,0.0
1261,0.0,0.0
1262,0.0,0.0
1263,0.0,0.0
1264,0.0,0.0
1265,0.0,0.0
1266,0.0,0.0
1267,0.0,0.0
1268,0.0,0.0
1269,0.0,0.0
1270,0.0,0.0
1271,0.0,0.0
1272,0.0,0.0
1273,0.0,0.0
1274,0.0,0.0
1275,0.0,0.0
1276,0.0,0.0
1277,0.0,0.0
1278,0.0,0.0
1279,0.0,0.0
1280,0.0,0.0
1281,0.0,0.0
1282,0.0,0.0
1283,0.0,0.0
1284,0.0,0.0
1285,0.0,0.0
1286,0.0,0.0
1287,0.0,0.0
1288,0.0,0.0
1289,0.0,0.0
1290,0.0,0.0
1291,0.0,0.0
1292,0.0,0.0
1293,0.0,0.0
1294,0.0,0.0
1295,0.0,0.0
1296,0.0,0.0
1297,0.0,0.0
1298,0.0,0.0
1299,0.0,0.0
1300,0.0,0.0
1301,0.0,0.0
1302,0.01,0.0
1303,0.0,0.0
1304,0.0,0.0
1305,0.01,0.0
1306,0.01,0.0
1307,0.01,0.0
1308,0.01,0.0
1309,0.0,0.0
1310,0.0,0.0
1311,0.0,0.0
1312,0.0,0.0
1313,0.0,0.0
1314,0.0,0.0
1315,0.0,0.0
1316,0.0,0.0
1317,0.0,0.0
1318,0.0,0.0
1319,0.0,0.0
1320,0.0,0.0
1321,0.0,0.0
1322,0.0,0.0
1323,0.0,0.0
1324,0.0,0.0
1325,0.0,0.0
1326,0.0,0.0
1327,0.0,0.0
1328,0.0,0.0
1329,0.0,0.0
1330,0.0,0.0
1331,0.0,0.0
1332,0.0,0.0
1333,0.0,0.0
1334,0.0,0.0
1335,0.0,0.0
1336,0.0,0.0
1337,0.0,0.0
1338,0.0,0.0
1339,0.0,0.0
1340,0.0,0.0
1341,0.0,0.0
1342,0.0,0.0
1343,0.01,0.0
1344,0.01,0.0
1345,0.01,0.0
1346,0.01,0.0
1347,0.01,0.0
1348,0.01,0.0
1349,0.01,0.0
1350,0.01,0.0
1351,0.01,0.0
1352,0.01,0.0
1353,0.01,0.0
1354,0.01,0.0
1355,0.0,0.0
1356,0.0,0.0
1357,0.0,0.0
1358,0.0,0.0
1359,0.0,0.0
1360,0.0,0.0
1361,0.0,0.0
1362,0.0,0.0
1363,0.01,0.0
1364,0.01,0.0
1365,0.01,0.0
1366,0.02,0.0
1367,0.02,0.0
1368,0.02,0.0
1369,0.01,0.0
1370,0.01,0.0
1371,0.01,0.0
1372,0.0,0.0
1373,0.0,0.0
1374,0.0,0.0
1375,0.0,0.0
1376,0.0,0.0
1377,0.0,0.0
1378,0.0,0.0
1379,0.0,0.0
1380,0.0,0.0
1381,0.0,0.0
1382,0.0,0.0
1383,0.0,0.0
1384,0.0,0.0
1385,0.0,0.0
1386,0.0,0.0
1387,0.0,0.0
1388,0.0,0.0
1389,0.0,0.0
1390,0.0,0.0
1391,0.0,0.0
1392,0.0,0.0
1393,0.0,0.0
1394,0.01,0.0
1395,0.01,0.0
1396,0.01,0.0
1397,0.01,0.0
1398,0.01,0.0
1399,0.01,0.0
1400,0.01,0.0
1401,0.01,0.0
1402,0.01,0.0
1403,0.01,0.0
1404,0.02,0.0
1405,0.02,0.0
1406,0.02,0.0
1407,0.02,0.0
1408,0.02,0.0
1409,0.02,0.0
1410,0.02,0.0
1411,0.02,0.0
1412,0.02,0.0
1413,0.01,0.0
1414,0.01,0.0
1415,0.01,0.0
1416,0.01,0.0
1417,0.01,0.0
1418,0.01,0.0
1419,0.0,0.0
1420,0.0,0.0
1421,0.0,0.0
1422,0.0,0.0
1423,0.0,0.0
1424,0.0,0.0
1425,0.0,0.0
1426,0.0,0.0
1427,0.0,0.0
1428,0.0,0.0
1429,0.0,0.0
1430,0.0,0.0
1431,0.0,0.0
1432,0.0,0.0
1433,0.0,0.0
1434,0.0,0.0
1435,0.0,0.0
1436,0.0,0.0
1437,0.0,0.0
1438,0.0,0.0
1439,0.0,0.0
1440,0.0,0.0
1441,0.0,0.0
1442,0.0,0.0
1443,0.0,0.0
1444,0.0,0.0
1445,0.0,0.0
1446,0.0,0.0
1447,0.0,0.0
1448,0.0,0.0
1449,0.0,0.0
1450,0.0,0.0
1451,0.0,0.0
1452,0.0,0.0
1453,0.0,0.0
1454,0.0,0.0
1455,0.0,0.0
1456,0.0,0.0
1457,0.0,0.0
1458,0.0,0.0
1459,0.0,0.0
1460,0.0,0.0
1461,0.0,0.0
1462,0.0,0.0
1463,0.0,0.0
1464,0.0,0.0
1465,0.0,0.0
1466,0.0,0.0
1467,0.0,0.0
1468,0.0,0.0
1469,0.0,0.0
1470,0.0,0.0
1471,0.0,0.0
1472,0.0,0.0
1473,0.0,0.0
1474,0.0,0.0
1475,0.0,0.0
1476,0.0,0.0
1477,0.0,0.0
1478,0.0,0.0
1479,0.0,0.01
1480,0.0,0.01
1481,0.0,0.01
1482,0.0,0.01
1483,0.0,0.01
1484,0.0,0.0
1485,0.0,0.0
1486,0.0,0.0
1487,0.0,0.0
1488,0.0,0.0
1489,0.0,0.0
1490,0.0,0.0
1491,0.0,0.0
1492,0.0,0.0
1493,0.0,0.0
1494,0.0,0.0
1495,0.0,0.0
1496,0.0,0.0
1497,0.0,0.0
1498,0.0,0.0
1499,0.0,0.0
1500,0.0,0.0
1501,0.0,0.0
1502,0.0,0.0
1503,0.0,0.0
1504,0.0,0.0
1505,0.0,0.0
1506,0.0,0.0
1507,0.0,0.0
1508,0.0,0.0
1509,0.0,0.0
1510,0.0,0.0
1511,0.0,0.0
1512,0.0,0.0
1513,0.0,0.0
1514,0.0,0.0
1515,0.0,0.0
1516,0.0,0.0
1517,0.0,0.0
1518,0.0,0.0
1519,0.0,0.0
1520,0.0,0.0
1521,0.0,0.0
1522,0.0,0.0
1523,0.0,0.0
1524,0.0,0.01
1525,0.0,0.01
1526,0.0,0.01
1527,0.0,0.01
1528,0.0,0.01
1529,0.0,0.01
1530,0.0,0.0
1531,0.0,0.0
1532,0.0,0.01
1533,0.0,0.01
1534,0.0,0.01
1535,0.0,0.01
1536,0.0,0.02
1537,0.0,0.03
1538,0.0,0.04
1539,0.0,0.04
1540,0.0,0.04
1541,0.0,0.07
1542,0.01,0.09
1543,0.01,0.1
1544,0.0,0.1
1545,0.0,0.11
1546,0.0,0.11
1547,0.0,0.11
1548,0.0,0.11
1549,0.0,0.09
1550,0.0,0.04
1551,0.0,0.02
1552,0.0,0.01
1553,0.0,0.01
1554,0.0,0.01
1555,0.0,0.01
1556,0.0,0.01
1557,0.0,0.01
1558,0.0,0.01
1559,0.0,0.01
1560,0.0,0.01
1561,0.01,0.01
1562,0.01,0.01
1563,0.01,0.01
1564,0.02,0.01
1565,0.02,0.01
1566,0.02,0.01
1567,0.02,0.01
1568,0.03,0.01
1569,0.04,0.02
1570,0.05,0.06
1571,0.07,0.07
1572,0.08,0.09
1573,0.07,0.1
1574,0.03,0.1
1575,0.02,0.1
1576,0.01,0.09
1577,0.01,0.09
1578,0.01,0.09
1579,0.01,0.09
1580,0.01,0.09
1581,0.01,0.09
1582,0.01,0.09
1583,0.03,0.09
1584,0.04,0.09
1585,0.04,0.09
1586,0.03,0.09
1587,0.03,0.09
1588,0.02,0.09
1589,0.02,0.09
1590,0.01,0.09
1591,0.01,0.09
1592,0.01,0.09
1593,0.01,0.09
1594,0.01,0.09
1595,0.01,0.09
1596,0.01,0.09
1597,0.01,0.1
1598,0.01,0.1
1599,0.01,0.1
1600,0.01,0.1
1601,0.03,0.09
1602,0.07,0.09
1603,0.09,0.08
1604,0.03,0.08
1605,0.05,0.1
1606,0.03,0.1
1607,0.02,0.1
1608,0.04,0.1
1609,0.02,0.1
1610,0.01,0.16
1611,0.01,0.33
1612,0.01,0.22
1613,0.01,0.19
1614,0.02,0.14
1615,0.01,0.09
1616,0.02,0.08
1617,0.02,0.08
1618,0.02,0.09
1619,0.03,0.08
1620,0.01,0.08
1621,0.02,0.09
1622,0.01,0.09
1623,0.01,0.1
1624,0.01,0.11
1625,0.01,0.11
1626,0.0,0.12
1627,0.0,0.12
1628,0.0,0.12
1629,0.0,0.12
1630,0.0,0.12
1631,0.01,0.12
1632,0.03,0.12
1633,0.1,0.12
1634,0.31,0.11
1635,0.59,0.11
1636,0.6,0.11
1637,0.6,0.11
1638,0.61,0.11
1639,0.62,0.11
1640,0.59,0.11
1641,0.56,0.11
1642,0.54,0.11
1643,0.53,0.11
1644,0.53,0.11
1645,0.6,0.11
1646,0.71,0.11
1647,0.79,0.11
1648,0.87,0.1
1649,0.84,0.12
1650,0.79,0.13
1651,0.59,0.16
1652,0.3,0.15
1653,0.06,0.15
1654,0.07,0.17
1655,0.07,0.19
1656,0.1,0.22
1657,0.17,0.2
1658,0.07,0.15
1659,0.04,0.14
1660,0.03,0.12
1661,0.03,0.11
1662,0.03,0.11
1663,0.03,0.11
1664,0.02,0.1
1665,0.02,0.1
1666,0.04,0.1
1667,0.07,0.1
1668,0.09,0.11
1669,0.1,0.11
1670,0.12,0.13
1671,0.12,0.13
1672,0.13,0.13
1673,0.15,0.13
1674,0.18,0.13
1675,0.2,0.13
1676,0.22,0.13
1677,0.23,0.13
1678,0.25,0.13
1679,0.26,0.13
1680,0.28,0.13
1681,0.3,0.13
1682,0.3,0.13
1683,0.3,0.13
1684,0.27,0.13
1685,0.18,0.13
1686,0.17,0.13
1687,0.11,0.13
1688,0.11,0.13
1689,0.14,0.13
1690,0.24,0.14
1691,0.32,0.14
1692,0.22,0.14
1693,0.28,0.14
1694,0.1,0.16
1695,0.04,0.16
1696,0.01,0.21
1697,0.0,0.21
1698,0.0,0.17
1699,0.0,0.16
1700,0.0,0.14
1701,0.0,0.14
1702,0.0,0.12
1703,0.0,0.1
1704,0.0,0.07
1705,0.0,0.05
1706,0.0,0.03
1707,0.0,0.02
1708,0.0,0.01
1709,0.0,0.01
1710,0.0,0.01
1711,0.0,0.0
1712,0.0,0.0
1713,0.0,0.0
1714,0.0,0.0
1715,0.0,0.02
1716,0.0,0.04
1717,0.0,0.04
1718,0.0,0.02
1719,0.0,0.01
1720,0.0,0.01
1721,0.0,0.0
1722,0.0,0.0
1723,0.0,0.0
1724,0.0,0.0
1725,0.0,0.0
1726,0.0,0.0
1727,0.0,0.0
1728,0.0,0.0
1729,0.01,0.0
1730,0.01,0.0
1731,0.01,0.0
1732,0.01,0.0
1733,0.01,0.0
1734,0.0,0.0
1735,0.0,0.0
1736,0.01,0.0
1737,0.0,0.0
1738,0.01,0.0
1739,0.01,0.0
1740,0.01,0.0
1741,0.01,0.0
1742,0.01,0.0
1743,0.01,0.0
1744,0.01,0.0
1745,0.0,0.0
1746,0.0,0.0
1747,0.01,0.0
1748,0.01,0.0
1749,0.01,0.0
1750,0.0,0.0
1751,0.01,0.0
1752,0.01,0.0
1753,0.01,0.0
1754,0.01,0.0
1755,0.01,0.0
1756,0.01,0.0
1757,0.01,0.0
1758,0.01,0.0
1759,0.0,0.0
1760,0.0,0.0
1761,0.0,0.0
1762,0.0,0.0
1763,0.0,0.0
1764,0.0,0.01
1765,0.0,0.01
1766,0.0,0.01
1767,0.0,0.01
1768,0.0,0.01
1769,0.0,0.01
1770,0.0,0.01
1771,0.0,0.01
1772,0.0,0.0
1773,0.0,0.0
1774,0.0,0.0
1775,0.0,0.01
1776,0.0,0.01
1777,0.0,0.01
1778,0.0,0.01
1779,0.0,0.01
1780,0.01,0.01
1781,0.01,0.01
1782,0.01,0.01
1783,0.01,0.01
1784,0.01,0.01
1785,0.01,0.01
1786,0.0,0.01
1787,0.0,0.01
1788,0.0,0.01
1789,0.0,0.0
1790,0.0,0.0
1791,0.0,0.0
1792,0.0,0.0
1793,0.0,0.0
1794,0.0,0.0
1795,0.0,0.0
1796,0.0,0.0
1797,0.0,0.0
1798,0.0,0.0
1799,0.0,0.0
1800,0.0,0.0
1801,0.0,0.0
1802,0.0,0.0
1803,0.0,0.0
1804,0.0,0.0
1805,0.0,0.0
1806,0.0,0.0
1807,0.0,0.0
1808,0.0,0.0
1809,0.0,0.0
1810,0.0,0.0
1811,0.0,0.0
1812,0.0,0.0
1813,0.0,0.0
1814,0.0,0.0
1815,0.0,0.0
1816,0.0,0.0
1817,0.0,0.0
1818,0.0,0.0
1819,0.0,0.0
1820,0.0,0.0
1821,0.0,0.0
1822,0.0,0.0
1823,0.0,0.0
1824,0.0,0.0
1825,0.0,0.0
1826,0.0,0.0
1827,0.0,0.0
1828,0.0,0.0
1829,0.0,0.0
1830,0.0,0.0
1831,0.0,0.0
1832,0.0,0.0
1833,0.0,0.0
1834,0.0,0.0
1835,0.0,0.0
1836,0.0,0.0
1837,0.0,0.0
1838,0.0,0.0
1839,0.0,0.0
1840,0.0,0.0
1841,0.0,0.0
1842,0.0,0.0
1843,0.0,0.0
1844,0.0,0.0
1845,0.0,0.0
1846,0.0,0.0
1847,0.0,0.0
1848,0.0,0.0
1849,0.01,0.0
1850,0.01,0.0
1851,0.02,0.0
1852,0.02,0.0
1853,0.03,0.0
1854,0.03,0.0
1855,0.03,0.0
1856,0.04,0.0
1857,0.04,0.0
1858,0.04,0.0
1859,0.04,0.0
1860,0.04,0.0
1861,0.04,0.0
1862,0.04,0.0
1863,0.04,0.0
1864,0.04,0.0
1865,0.04,0.0
1866,0.03,0.0
1867,0.02,0.0
1868,0.02,0.0
1869,0.01,0.0
1870,0.0,0.0
1871,0.0,0.0
1872,0.0,0.0
1873,0.0,0.0
1874,0.0,0.0
1875,0.0,0.0
1876,0.0,0.0
1877,0.0,0.0
1878,0.0,0.0
1879,0.0,0.0
1880,0.0,0.0
1881,0.0,0.0
1882,0.0,0.0
1883,0.0,0.0
1884,0.0,0.0
1885,0.0,0.0
1886,0.0,0.01
1887,0.0,0.01
1888,0.0,0.01
1889,0.0,0.01
1890,0.0,0.01
1891,0.0,0.02
1892,0.0,0.02
1893,0.0,0.03
1894,0.0,0.03
1895,0.0,0.03
1896,0.0,0.03
1897,0.0,0.03
1898,0.0,0.03
1899,0.0,0.02
1900,0.0,0.02
1901,0.0,0.02
1902,0.0,0.01
1903,0.0,0.01
1904,0.0,0.01
1905,0.0,0.01
1906,0.0,0.01
1907,0.0,0.01
1908,0.0,0.0
1909,0.0,0.01
1910,0.0,0.0
1911,0.0,0.01
1912,0.0,0.0
1913,0.0,0.0
1914,0.0,0.0
1915,0.0,0.01
1916,0.0,0.0
1917,0.0,0.0
1918,0.0,0.0
1919,0.0,0.0
1920,0.0,0.0
1921,0.01,0.0
1922,0.01,0.0
1923,0.01,0.01
1924,0.01,0.01
1925,0.03,0.02
1926,0.06,0.09
1927,0.08,0.08
1928,0.09,0.07
1929,0.05,0.05
1930,0.05,0.02
1931,0.01,0.02
1932,0.0,0.02
1933,0.0,0.02
1934,0.0,0.02
1935,0.0,0.02
1936,0.0,0.02
1937,0.0,0.02
1938,0.0,0.02
1939,0.0,0.02
1940,0.0,0.03
1941,0.0,0.03
1942,0.0,0.03
1943,0.0,0.03
1944,0.0,0.02
1945,0.0,0.01
1946,0.0,0.01
1947,0.0,0.01
1948,0.0,0.01
1949,0.0,0.01
1950,0.0,0.01
1951,0.0,0.01
1952,0.0,0.01
1953,0.0,0.01
1954,0.0,0.01
1955,0.0,0.0
1956,0.0,0.0
1957,0.0,0.0
1958,0.0,0.0
1959,0.01,0.0
1960,0.01,0.0
1961,0.01,0.0
1962,0.01,0.01
1963,0.01,0.01
1964,0.01,0.01
1965,0.01,0.0
1966,0.01,0.0
1967,0.0,0.0
1968,0.0,0.0
1969,0.0,0.0
1970,0.0,0.0
1971,0.0,0.0
1972,0.0,0.0
1973,0.0,0.0
1974,0.0,0.0
1975,0.0,0.0
1976,0.0,0.0
1977,0.0,0.0
1978,0.0,0.0
1979,0.0,0.0
1980,0.0,0.0
1981,0.0,0.0
1982,0.0,0.0
1983,0.0,0.0
1984,0.0,0.01
1985,0.0,0.02
1986,0.0,0.04
1987,0.0,0.03
1988,0.0,0.01
1989,0.0,0.01
1990,0.0,0.01
1991,0.0,0.0
1992,0.0,0.0
1993,0.0,0.0
1994,0.0,0.0
1995,0.0,0.0
1996,0.0,0.0
1997,0.0,0.0
1998,0.0,0.0
1999,0.0,0.0
2000,0.0,0.0
2001,0.0,0.0
2002,0.0,0.0
2003,0.0,0.0
2004,0.0,0.0
2005,0.0,0.0
2006,0.0,0.0
2007,0.0,0.0
2008,0.0,0.0
2009,0.0,0.0
2010,0.0,0.0
2011,0.0,0.0
2012,0.0,0.0
2013,0.0,0.0
2014,0.0,0.0
2015,0.0,0.0
2016,0.0,0.0
2017,0.0,0.0
2018,0.0,0.0
2019,0.0,0.0
2020,0.01,0.0
2021,0.01,0.0
2022,0.01,0.0
2023,0.0,0.0
2024,0.0,0.0
2025,0.0,0.0
2026,0.0,0.0
2027,0.0,0.0
2028,0.0,0.0
2029,0.0,0.0
2030,0.0,0.0
2031,0.0,0.0
2032,0.0,0.0
2033,0.0,0.0
2034,0.0,0.0
2035,0.0,0.0
2036,0.0,0.0
2037,0.0,0.0
2038,0.0,0.0
2039,0.0,0.0
2040,0.0,0.0
2041,0.0,0.0
2042,0.0,0.0
2043,0.0,0.0
2044,0.0,0.0
2045,0.0,0.0
2046,0.0,0.0
2047,0.0,0.0
2048,0.0,0.0
2049,0.0,0.0
2050,0.0,0.0
2051,0.0,0.0
2052,0.0,0.0
2053,0.0,0.0
2054,0.0,0.0
2055,0.0,0.0
2056,0.0,0.0
2057,0.0,0.0
2058,0.0,0.0
2059,0.0,0.0
2060,0.0,0.0
2061,0.0,0.0
2062,0.0,0.0
2063,0.0,0.01
2064,0.0,0.01
2065,0.0,0.01
2066,0.0,0.01
2067,0.0,0.01
2068,0.0,0.01
2069,0.0,0.01
2070,0.0,0.01
2071,0.0,0.01
2072,0.0,0.0
2073,0.0,0.0
2074,0.0,0.0
2075,0.0,0.0
2076,0.0,0.0
2077,0.0,0.0
2078,0.0,0.0
2079,0.0,0.0
2080,0.0,0.0
2081,0.0,0.0
2082,0.0,0.0
2083,0.0,0.0
2084,0.0,0.0
2085,0.0,0.01
2086,0.0,0.01
2087,0.0,0.01
2088,0.0,0.0
2089,0.0,0.0
2090,0.0,0.0
2091,0.0,0.0
2092,0.0,0.0
2093,0.0,0.0
2094,0.0,0.0
2095,0.0,0.0
2096,0.0,0.0
2097,0.0,0.0
2098,0.0,0.0
2099,0.0,0.0
2100,0.0,0.0
2101,0.0,0.0
2102,0.0,0.0
2103,0.01,0.0
2104,0.0,0.0
2105,0.0,0.0
2106,0.0,0.0
2107,0.0,0.0
2108,0.0,0.0
2109,0.0,0.0
2110,0.0,0.0
2111,0.0,0.0
2112,0.0,0.0
2113,0.0,0.0
2114,0.0,0.0
2115,0.0,0.0
2116,0.0,0.0
2117,0.0,0.0
2118,0.0,0.0
2119,0.0,0.0
2120,0.0,0.0
2121,0.0,0.0
2122,0.0,0.0
2123,0.0,0.0
2124,0.0,0.0
2125,0.0,0.0
2126,0.0,0.0
2127,0.0,0.0
2128,0.0,0.0
2129,0.0,0.0
2130,0.0,0.0
2131,0.0,0.01
2132,0.0,0.01
2133,0.0,0.01
2134,0.0,0.01
2135,0.0,0.0
2136,0.0,0.01
2137,0.0,0.01
2138,0.0,0.01
2139,0.0,0.01
2140,0.0,0.01
2141,0.0,0.01
2142,0.0,0.01
2143,0.0,0.01
2144,0.0,0.01
2145,0.0,0.01
2146,0.0,0.01
2147,0.0,0.01
2148,0.0,0.01
2149,0.0,0.01
2150,0.0,0.0
2151,0.0,0.01
2152,0.0,0.01
2153,0.0,0.01
2154,0.0,0.01
2155,0.0,0.01
2156,0.0,0.01
2157,0.0,0.01
2158,0.0,0.01
2159,0.0,0.01
2160,0.0,0.01
2161,0.0,0.01
2162,0.0,0.01
2163,0.0,0.0
2164,0.0,0.0
2165,0.0,0.0
2166,0.0,0.0
2167,0.0,0.0
2168,0.0,0.0
2169,0.0,0.02
2170,0.0,0.05
2171,0.0,0.07
2172,0.0,0.09
2173,0.0,0.15
2174,0.0,0.19
2175,0.0,0.23
2176,0.0,0.25
2177,0.0,0.25
2178,0.0,0.28
2179,0.0,0.32
2180,0.0,0.38
2181,0.0,0.65
2182,0.0,0.81
2183,0.0,0.72
2184,0.0,0.51
2185,0.0,0.42
2186,0.0,0.36
2187,0.0,0.45
2188,0.0,0.49
2189,0.0,0.4
2190,0.0,0.29
2191,0.0,0.29
2192,0.0,0.12
2193,0.0,0.07
2194,0.0,0.07
2195,0.0,0.06
2196,0.0,0.05
2197,0.0,0.04
2198,0.0,0.03
2199,0.0,0.02
2200,0.0,0.02
2201,0.0,0.03
2202,0.0,0.03
2203,0.0,0.02
2204,0.0,0.01
2205,0.0,0.01
2206,0.0,0.01
2207,0.0,0.05
2208,0.0,0.56
2209,0.0,0.97
2210,0.0,0.99
2211,0.0,0.99
2212,0.0,0.99
2213,0.0,0.99
2214,0.0,0.99
2215,0.0,0.99
2216,0.0,0.99
2217,0.0,0.99
2218,0.0,0.99
2219,0.0,0.99
2220,0.0,0.98
2221,0.0,0.96
2222,0.0,0.84
2223,0.0,0.64
2224,0.0,0.58
2225,0.0,0.48
2226,0.0,0.34
2227,0.0,0.29
2228,0.0,0.26
2229,0.0,0.18
2230,0.0,0.06
2231,0.0,0.04
2232,0.0,0.02
2233,0.0,0.03
2234,0.0,0.02
2235,0.0,0.01
2236,0.0,0.0
2237,0.0,0.0
2238,0.0,0.0
2239,0.0,0.0
2240,0.0,0.0
2241,0.0,0.0
2242,0.0,0.0
2243,0.0,0.0
2244,0.0,0.0
2245,0.0,0.0
2246,0.0,0.0
2247,0.0,0.0
2248,0.0,0.01
2249,0.0,0.01
2250,0.0,0.01
2251,0.0,0.01
2252,0.0,0.01
2253,0.0,0.01
2254,0.0,0.01
2255,0.0,0.01
2256,0.0,0.01
2257,0.0,0.01
2258,0.0,0.01
2259,0.0,0.01
2260,0.0,0.0
2261,0.0,0.0
2262,0.0,0.0
2263,0.0,0.0
2264,0.0,0.0
2265,0.0,0.0
2266,0.0,0.0
2267,0.0,0.0
2268,0.0,0.0
2269,0.0,0.0
2270,0.0,0.0
2271,0.0,0.0
2272,0.0,0.0
2273,0.0,0.0
2274,0.0,0.01
2275,0.0,0.01
2276,0.0,0.0
2277,0.0,0.0
2278,0.0,0.0
2279,0.0,0.0
2280,0.0,0.0
2281,0.0,0.0
2282,0.0,0.0
2283,0.0,0.0
2284,0.0,0.0
2285,0.0,0.0
2286,0.0,0.0
2287,0.0,0.0
2288,0.0,0.0
2289,0.0,0.0
2290,0.0,0.0
2291,0.0,0.0
2292,0.0,0.0
2293,0.0,0.0
2294,0.0,0.0
2295,0.0,0.0
2296,0.0,0.0
2297,0.01,0.01
2298,0.01,0.01
2299,0.02,0.0
2300,0.01,0.0
2301,0.01,0.0
2302,0.01,0.0
2303,0.01,0.0
2304,0.01,0.0
2305,0.01,0.0
2306,0.01,0.0
2307,0.01,0.0
2308,0.01,0.0
2309,0.02,0.0
2310,0.02,0.0
2311,0.02,0.0
2312,0.02,0.0
2313,0.02,0.0
2314,0.02,0.0
2315,0.02,0.0
2316,0.01,0.0
2317,0.01,0.0
2318,0.01,0.0
2319,0.0,0.0
2320,0.0,0.0
2321,0.0,0.0
2322,0.0,0.0
2323,0.0,0.0
2324,0.0,0.0
2325,0.01,0.0
2326,0.01,0.0
2327,0.02,0.0
2328,0.02,0.0
2329,0.02,0.0
2330,0.01,0.0
2331,0.01,0.0
2332,0.01,0.0
2333,0.0,0.0
2334,0.0,0.0
2335,0.0,0.0
2336,0.0,0.0
2337,0.0,0.0
2338,0.0,0.0
2339,0.0,0.0
2340,0.0,0.0
2341,0.0,0.0
2342,0.0,0.0
2343,0.0,0.0
2344,0.0,0.0
2345,0.0,0.0
2346,0.0,0.0
2347,0.0,0.0
2348,0.0,0.01
2349,0.0,0.01
2350,0.0,0.01
2351,0.01,0.01
2352,0.01,0.01
2353,0.01,0.01
2354,0.01,0.01
2355,0.01,0.19
2356,0.01,0.11
2357,0.01,0.09
2358,0.01,0.3
2359,0.0,0.03
2360,0.0,0.01
2361,0.0,0.02
2362,0.0,0.01
2363,0.0,0.01
2364,0.0,0.01
2365,0.01,0.0
2366,0.01,0.0
2367,0.0,0.0
2368,0.0,0.0
2369,0.0,0.0
2370,0.0,0.0
2371,0.0,0.0
2372,0.0,0.0
2373,0.0,0.0
2374,0.0,0.0
2375,0.0,0.0
2376,0.0,0.0
2377,0.0,0.0
2378,0.0,0.0
2379,0.0,0.0
2380,0.0,0.0
2381,0.0,0.0
2382,0.0,0.0
2383,0.0,0.0
2384,0.0,0.0
2385,0.0,0.0
2386,0.0,0.0
2387,0.0,0.0
2388,0.0,0.0
2389,0.0,0.0
2390,0.0,0.0
2391,0.0,0.0
2392,0.0,0.0
2393,0.0,0.0
2394,0.0,0.0
2395,0.0,0.0
2396,0.0,0.0
2397,0.0,0.0
2398,0.0,0.0
2399,0.0,0.0
2400,0.0,0.0
2401,0.0,0.0
2402,0.0,0.0
2403,0.0,0.0
2404,0.0,0.0
2405,0.01,0.0
2406,0.01,0.0
2407,0.0,0.0
2408,0.0,0.0
2409,0.0,0.0
2410,0.0,0.0
2411,0.0,0.0
2412,0.0,0.0
2413,0.0,0.0
2414,0.0,0.0
2415,0.0,0.0
2416,0.0,0.0
2417,0.0,0.0
2418,0.0,0.0
2419,0.0,0.0
2420,0.0,0.0
2421,0.0,0.0
2422,0.0,0.0
2423,0.0,0.0
2424,0.0,0.01
2425,0.0,0.01
2426,0.0,0.01
2427,0.0,0.01
2428,0.0,0.01
2429,0.0,0.01
2430,0.0,0.01
2431,0.08,0.01
2432,0.36,0.01
2433,0.48,0.01
2434,0.61,0.01
2435,0.59,0.01
2436,0.55,0.01
2437,0.48,0.01
2438,0.39,0.01
2439,0.26,0.01
2440,0.16,0.01
2441,0.03,0.01
2442,0.01,0.01
2443,0.01,0.01
2444,0.0,0.01
2445,0.0,0.01
2446,0.0,0.01
2447,0.0,0.01
2448,0.0,0.01
2449,0.0,0.01
2450,0.0,0.01
2451,0.0,0.01
2452,0.0,0.01
2453,0.0,0.01
2454,0.0,0.01
2455,0.0,0.01
2456,0.0,0.01
2457,0.0,0.01
2458,0.0,0.01
2459,0.0,0.01
2460,0.0,0.01
2461,0.0,0.01
2462,0.0,0.0
2463,0.0,0.0
2464,0.0,0.0
2465,0.0,0.0
2466,0.0,0.01
2467,0.0,0.02
2468,0.0,0.02
2469,0.01,0.01
2470,0.01,0.01
2471,0.01,0.01
2472,0.01,0.01
2473,0.01,0.01
2474,0.0,0.01
2475,0.0,0.01
2476,0.0,0.01
2477,0.01,0.01
2478,0.01,0.01
2479,0.01,0.01
2480,0.01,0.01
2481,0.01,0.01
2482,0.01,0.01
2483,0.01,0.01
2484,0.01,0.01
2485,0.01,0.0
2486,0.01,0.0
2487,0.01,0.0
2488,0.01,0.0
2489,0.01,0.0
2490,0.01,0.01
2491,0.01,0.01
2492,0.01,0.01
2493,0.01,0.01
2494,0.01,0.01
2495,0.01,0.01
2496,0.01,0.01
2497,0.01,0.01
2498,0.01,0.01
2499,0.01,0.01
2500,0.01,0.01
2501,0.01,0.01
2502,0.01,0.02
2503,0.01,0.02
2504,0.02,0.02
2505,0.03,0.02
2506,0.03,0.02
2507,0.02,0.02
2508,0.01,0.02
2509,0.01,0.01
2510,0.0,0.01
2511,0.0,0.01
2512,0.0,0.02
2513,0.0,0.02
2514,0.0,0.02
2515,0.0,0.02
2516,0.0,0.01
2517,0.0,0.01
2518,0.0,0.0
2519,0.0,0.0
2520,0.0,0.01
2521,0.0,0.01
2522,0.01,0.02
2523,0.08,0.04
2524,0.11,0.05
2525,0.12,0.06
2526,0.14,0.07
2527,0.06,0.08
2528,0.03,0.09
2529,0.01,0.09
2530,0.03,0.09
2531,0.05,0.09
2532,0.04,0.09
2533,0.03,0.05
2534,0.0,0.02
2535,0.01,0.02
2536,0.0,0.02
2537,0.0,0.02
2538,0.0,0.02
2539,0.0,0.03
2540,0.0,0.04
2541,0.0,0.03
2542,0.0,0.04
2543,0.0,0.05
2544,0.01,0.04
2545,0.01,0.03
2546,0.01,0.01
2547,0.01,0.01
2548,0.0,0.01
2549,0.01,0.01
2550,0.01,0.01
2551,0.01,0.01
2552,0.01,0.01
2553,0.01,0.01
2554,0.01,0.01
2555,0.01,0.01
2556,0.01,0.01
2557,0.01,0.01
2558,0.01,0.01
2559,0.0,0.01
2560,0.0,0.01
2561,0.0,0.01
2562,0.01,0.0
2563,0.01,0.0
2564,0.01,0.0
2565,0.01,0.0
2566,0.01,0.0
2567,0.01,0.0
2568,0.01,0.0
2569,0.01,0.0
2570,0.0,0.0
2571,0.0,0.0
2572,0.0,0.0
2573,0.0,0.0
2574,0.0,0.0
2575,0.0,0.0
2576,0.0,0.0
2577,0.0,0.0
2578,0.0,0.0
2579,0.0,0.0
2580,0.01,0.0
2581,0.01,0.0
2582,0.01,0.0
2583,0.01,0.0
2584,0.01,0.0
2585,0.01,0.0
2586,0.01,0.0
2587,0.01,0.0
2588,0.01,0.0
2589,0.01,0.0
2590,0.01,0.0
2591,0.01,0.0
2592,0.01,0.0
2593,0.01,0.0
2594,0.01,0.0
2595,0.01,0.01
2596,0.01,0.01
2597,0.01,0.0
2598,0.01,0.01
2599,0.01,0.01
2600,0.01,0.01
2601,0.01,0.01
2602,0.01,0.01
2603,0.01,0.01
2604,0.01,0.01
2605,0.01,0.01
2606,0.01,0.01
2607,0.01,0.01
2608,0.01,0.01
2609,0.01,0.01
2610,0.01,0.01
2611,0.01,0.01
2612,0.01,0.01
2613,0.01,0.01
2614,0.0,0.01
2615,0.0,0.01
2616,0.0,0.01
2617,0.0,0.0
2618,0.0,0.0
2619,0.0,0.0
2620,0.0,0.0
2621,0.0,0.0
2622,0.0,0.0
2623,0.0,0.0
2624,0.0,0.0
2625,0.0,0.0
2626,0.0,0.0
2627,0.0,0.0
2628,0.0,0.01
2629,0.0,0.02
2630,0.0,0.03
2631,0.0,0.02
2632,0.0,0.01
2633,0.0,0.01
2634,0.0,0.01
2635,0.0,0.01
2636,0.0,0.01
2637,0.0,0.0
2638,0.0,0.0
2639,0.0,0.0
2640,0.0,0.0
2641,0.0,0.0
2642,0.0,0.0
2643,0.0,0.0
2644,0.0,0.0
2645,0.0,0.0
2646,0.01,0.0
2647,0.01,0.0
2648,0.01,0.0
2649,0.01,0.0
2650,0.01,0.0
2651,0.01,0.0
2652,0.01,0.0
2653,0.01,0.0
2654,0.01,0.0
2655,0.01,0.0
2656,0.0,0.0
2657,0.0,0.0
2658,0.01,0.0
2659,0.01,0.0
2660,0.01,0.0
2661,0.01,0.0
2662,0.01,0.0
2663,0.01,0.0
2664,0.01,0.0
2665,0.01,0.0
2666,0.01,0.0
2667,0.01,0.0
2668,0.01,0.0
2669,0.01,0.0
2670,0.01,0.0
2671,0.01,0.0
2672,0.01,0.0
2673,0.01,0.0
2674,0.01,0.0
2675,0.01,0.0
2676,0.01,0.0
2677,0.01,0.0
2678,0.01,0.0
2679,0.01,0.0
2680,0.01,0.0
2681,0.01,0.0
2682,0.01,0.0
2683,0.01,0.0
2684,0.01,0.0
2685,0.0,0.0
2686,0.0,0.0
2687,0.0,0.0
2688,0.0,0.0
2689,0.0,0.0
2690,0.0,0.0
2691,0.0,0.0
2692,0.0,0.0
2693,0.0,0.0
2694,0.0,0.0
2695,0.0,0.0
2696,0.0,0.0
2697,0.0,0.0
2698,0.0,0.0
2699,0.0,0.0
2700,0.0,0.0
2701,0.0,0.01
2702,0.0,0.01
2703,0.0,0.01
2704,0.0,0.01
2705,0.0,0.01
2706,0.0,0.01
2707,0.0,0.01
2708,0.0,0.01
2709,0.0,0.0
2710,0.0,0.0
2711,0.0,0.0
2712,0.0,0.0
2713,0.0,0.0
2714,0.0,0.0
2715,0.0,0.0
2716,0.0,0.0
2717,0.0,0.0
2718,0.0,0.0
2719,0.0,0.0
2720,0.0,0.0
2721,0.0,0.0
2722,0.0,0.0
2723,0.0,0.0
2724,0.0,0.0
2725,0.0,0.0
2726,0.0,0.0
2727,0.0,0.0
2728,0.0,0.0
2729,0.0,0.0
2730,0.0,0.0
2731,0.0,0.0
2732,0.0,0.0
2733,0.0,0.0
2734,0.0,0.0
2735,0.0,0.0
2736,0.0,0.0
2737,0.0,0.0
2738,0.0,0.0
2739,0.0,0.0
2740,0.0,0.0
2741,0.0,0.0
2742,0.0,0.0
2743,0.0,0.0
2744,0.0,0.0
2745,0.0,0.0
2746,0.0,0.0
2747,0.0,0.0
2748,0.0,0.0
2749,0.0,0.01
2750,0.0,0.01
2751,0.0,0.01
2752,0.0,0.01
2753,0.0,0.01
2754,0.0,0.04
2755,0.0,0.09
2756,0.0,0.13
2757,0.0,0.12
2758,0.0,0.19
2759,0.0,0.27
2760,0.0,0.29
2761,0.0,0.42
2762,0.0,0.58
2763,0.0,0.72
2764,0.0,0.83
2765,0.0,0.9
2766,0.0,0.94
2767,0.0,0.98
2768,0.0,0.99
2769,0.0,0.94
2770,0.0,0.22
2771,0.0,0.07
2772,0.0,0.04
2773,0.0,0.03
2774,0.0,0.01
2775,0.0,0.0
2776,0.01,0.0
2777,0.01,0.0
2778,0.01,0.0
2779,0.01,0.0
2780,0.01,0.0
2781,0.01,0.0
2782,0.01,0.0
2783,0.01,0.0
2784,0.01,0.0
2785,0.01,0.0
2786,0.01,0.0
2787,0.01,0.0
2788,0.01,0.0
2789,0.01,0.0
2790,0.01,0.0
2791,0.0,0.0
2792,0.01,0.0
2793,0.01,0.0
2794,0.01,0.0
2795,0.01,0.0
2796,0.01,0.0
2797,0.01,0.0
2798,0.01,0.01
2799,0.01,0.01
2800,0.01,0.01
2801,0.02,0.01
2802,0.02,0.01
2803,0.02,0.01
2804,0.02,0.01
2805,0.02,0.01
2806,0.02,0.01
2807,0.02,0.01
2808,0.02,0.01
2809,0.02,0.01
2810,0.02,0.01
2811,0.02,0.01
2812,0.02,0.01
2813,0.02,0.0
2814,0.02,0.0
2815,0.02,0.01
2816,0.02,0.02
2817,0.02,0.02
2818,0.01,0.01
2819,0.01,0.01
2820,0.01,0.01
2821,0.01,0.02
2822,0.01,0.1
2823,0.01,0.18
2824,0.01,0.04
2825,0.01,0.0
2826,0.0,0.01
2827,0.0,0.0
2828,0.0,0.0
2829,0.0,0.0
2830,0.0,0.0
2831,0.0,0.0
2832,0.0,0.0
2833,0.0,0.01
2834,0.0,0.03
2835,0.0,0.06
2836,0.0,0.07
2837,0.0,0.07
2838,0.0,0.07
2839,0.0,0.05
2840,0.0,0.03
2841,0.0,0.02
2842,0.0,0.02
2843,0.0,0.02
2844,0.0,0.02
2845,0.0,0.01
2846,0.0,0.01
2847,0.0,0.01
2848,0.01,0.0
2849,0.01,0.0
2850,0.01,0.0
2851,0.01,0.0
2852,0.01,0.0
2853,0.01,0.0
2854,0.01,0.01
2855,0.02,0.01
2856,0.02,0.01
2857,0.04,0.01
2858,0.05,0.01
2859,0.05,0.0
2860,0.04,0.0
2861,0.03,0.0
2862,0.03,0.0
2863,0.03,0.0
2864,0.02,0.0
2865,0.02,0.0
2866,0.02,0.0
2867,0.02,0.0
2868,0.02,0.0
2869,0.02,0.0
2870,0.03,0.0
2871,0.03,0.0
2872,0.03,0.0
2873,0.03,0.0
2874,0.03,0.0
2875,0.03,0.0
2876,0.03,0.0
2877,0.03,0.0
2878,0.03,0.0
2879,0.03,0.0
2880,0.03,0.0
2881,0.03,0.0
2882,0.02,0.0
2883,0.02,0.0
2884,0.02,0.01
2885,0.02,0.01
2886,0.02,0.01
2887,0.02,0.01
2888,0.02,0.01
2889,0.01,0.01
2890,0.01,0.01
2891,0.0,0.02
2892,0.0,0.04
2893,0.0,0.07
2894,0.0,0.1
2895,0.0,0.2
2896,0.0,0.32
2897,0.0,0.36
2898,0.0,0.38
2899,0.0,0.35
2900,0.0,0.29
2901,0.0,0.24
2902,0.0,0.18
2903,0.0,0.11
2904,0.0,0.07
2905,0.0,0.06
2906,0.0,0.04
2907,0.0,0.02
2908,0.0,0.01
2909,0.01,0.01
2910,0.01,0.01
2911,0.01,0.01
2912,0.01,0.01
2913,0.01,0.01
2914,0.01,0.01
2915,0.01,0.01
2916,0.01,0.01
2917,0.01,0.01
2918,0.01,0.0
2919,0.01,0.0
2920,0.01,0.0
2921,0.01,0.0
2922,0.02,0.0
2923,0.02,0.0
2924,0.01,0.0
2925,0.01,0.0
2926,0.01,0.0
2927,0.01,0.0
2928,0.01,0.0
2929,0.01,0.0
2930,0.01,0.0
2931,0.01,0.0
2932,0.01,0.0
2933,0.01,0.0
2934,0.01,0.0
2935,0.01,0.0
2936,0.01,0.0
2937,0.01,0.0
2938,0.01,0.0
2939,0.01,0.0
2940,0.01,0.0
2941,0.01,0.0
2942,0.01,0.0
2943,0.01,0.0
2944,0.01,0.0
2945,0.01,0.0
2946,0.01,0.0
2947,0.01,0.0
2948,0.01,0.0
2949,0.01,0.0
2950,0.01,0.0
2951,0.01,0.0
2952,0.01,0.0
2953,0.01,0.0
2954,0.01,0.0
2955,0.01,0.0
2956,0.01,0.0
2957,0.01,0.0
2958,0.01,0.0
2959,0.02,0.0
2960,0.02,0.0
2961,0.03,0.0
2962,0.03,0.0
2963,0.02,0.0
2964,0.01,0.0
2965,0.01,0.0
2966,0.01,0.0
2967,0.01,0.0
2968,0.01,0.0
2969,0.01,0.0
2970,0.01,0.0
2971,0.02,0.0
2972,0.01,0.0
2973,0.01,0.0
2974,0.01,0.0
2975,0.01,0.0
2976,0.01,0.0
2977,0.01,0.0
2978,0.01,0.0
2979,0.01,0.0
2980,0.01,0.0
2981,0.02,0.0
2982,0.02,0.0
2983,0.02,0.0
2984,0.02,0.0
2985,0.02,0.0
2986,0.02,0.0
2987,0.02,0.0
2988,0.01,0.0
2989,0.01,0.0
2990,0.01,0.0
2991,0.01,0.0
2992,0.01,0.0
2993,0.01,0.0
2994,0.01,0.0
2995,0.01,0.0
2996,0.01,0.0
2997,0.0,0.0
2998,0.0,0.0
2999,0.0,0.0
3000,0.0,0.0
3001,0.0,0.0
3002,0.0,0.0
3003,0.0,0.01
3004,0.0,0.01
3005,0.0,0.01
3006,0.0,0.02
3007,0.0,0.03
3008,0.0,0.02
3009,0.0,0.01
3010,0.0,0.0
3011,0.01,0.0
3012,0.01,0.0
3013,0.0,0.0
3014,0.0,0.0
3015,0.0,0.0
3016,0.01,0.0
3017,0.01,0.0
3018,0.01,0.0
3019,0.01,0.0
3020,0.01,0.0
3021,0.01,0.0
3022,0.01,0.0
3023,0.01,0.0
3024,0.01,0.0
3025,0.01,0.0
3026,0.01,0.0
3027,0.01,0.0
3028,0.01,0.0
3029,0.0,0.0
3030,0.0,0.0
3031,0.0,0.0
3032,0.0,0.0
3033,0.0,0.0
3034,0.0,0.0
3035,0.01,0.0
3036,0.01,0.0
3037,0.01,0.0
3038,0.01,0.0
3039,0.01,0.01
3040,0.02,0.01
3041,0.02,0.01
3042,0.04,0.02
3043,0.07,0.05
3044,0.2,0.1
3045,0.02,0.19
3046,0.0,0.24
3047,0.0,0.26
3048,0.0,0.28
3049,0.0,0.23
3050,0.0,0.06
3051,0.0,0.05
3052,0.0,0.05
3053,0.0,0.07
3054,0.0,0.13
3055,0.0,0.16
3056,0.0,0.07
3057,0.0,0.03
3058,0.0,0.02
3059,0.0,0.01
3060,0.0,0.01
3061,0.0,0.0
3062,0.0,0.0
3063,0.0,0.0
3064,0.01,0.0
3065,0.01,0.0
3066,0.01,0.0
3067,0.01,0.0
3068,0.01,0.0
3069,0.01,0.0
3070,0.01,0.0
3071,0.01,0.0
3072,0.01,0.0
3073,0.01,0.0
3074,0.01,0.0
3075,0.01,0.0
3076,0.01,0.0
3077,0.01,0.0
3078,0.01,0.0
3079,0.01,0.0
3080,0.01,0.0
3081,0.01,0.0
3082,0.01,0.0
3083,0.01,0.0
3084,0.01,0.0
3085,0.0,0.0
3086,0.0,0.0
3087,0.0,0.0
3088,0.0,0.0
3089,0.0,0.0
3090,0.0,0.0
3091,0.0,0.0
3092,0.0,0.01
3093,0.0,0.01
3094,0.0,0.01
3095,0.0,0.01
3096,0.0,0.02
3097,0.0,0.02
3098,0.0,0.02
3099,0.0,0.02
3100,0.0,0.01
3101,0.0,0.01
3102,0.0,0.01
3103,0.0,0.01
3104,0.0,0.01
3105,0.0,0.01
3106,0.0,0.01
3107,0.0,0.01
3108,0.0,0.01
3109,0.0,0.01
3110,0.0,0.01
3111,0.0,0.01
3112,0.0,0.01
3113,0.0,0.01
3114,0.0,0.01
3115,0.0,0.01
3116,0.0,0.01
3117,0.0,0.01
3118,0.0,0.01
3119,0.0,0.01
3120,0.0,0.01
3121,0.0,0.01
3122,0.0,0.01
3123,0.0,0.01
3124,0.0,0.01
3125,0.0,0.01
3126,0.0,0.01
3127,0.0,0.01
3128,0.0,0.01
3129,0.0,0.01
3130,0.0,0.01
3131,0.0,0.01
3132,0.0,0.01
3133,0.0,0.01
3134,0.0,0.01
3135,0.0,0.01
3136,0.0,0.01
3137,0.0,0.01
3138,0.0,0.01
3139,0.0,0.01
3140,0.0,0.01
3141,0.0,0.01
3142,0.0,0.01
3143,0.0,0.01
3144,0.0,0.01
3145,0.0,0.01
3146,0.0,0.01
3147,0.0,0.01
3148,0.0,0.01
3149,0.0,0.01
3150,0.0,0.01
3151,0.0,0.01
3152,0.0,0.01
3153,0.0,0.01
3154,0.0,0.01
3155,0.0,0.01
3156,0.0,0.01
3157,0.0,0.01
3158,0.0,0.01
3159,0.0,0.01
3160,0.0,0.01
3161,0.0,0.01
3162,0.0,0.01
3163,0.0,0.02
3164,0.0,0.02
3165,0.0,0.02
3166,0.0,0.02
3167,0.0,0.03
3168,0.0,0.04
3169,0.0,0.03
3170,0.0,0.03
3171,0.0,0.03
3172,0.0,0.02
3173,0.0,0.02
3174,0.0,0.02
3175,0.0,0.02
3176,0.0,0.02
3177,0.0,0.02
3178,0.0,0.02
3179,0.0,0.02
3180,0.0,0.02
3181,0.0,0.02
3182,0.0,0.02
3183,0.0,0.02
3184,0.0,0.02
3185,0.0,0.01
3186,0.0,0.01
3187,0.0,0.01
3188,0.0,0.01
3189,0.0,0.01
3190,0.0,0.01
3191,0.0,0.01
3192,0.0,0.02
3193,0.0,0.02
3194,0.0,0.02
3195,0.0,0.02
3196,0.0,0.02
3197,0.0,0.03
3198,0.0,0.03
3199,0.0,0.01
3200,0.0,0.01
3201,0.0,0.03
3202,0.0,0.04
3203,0.0,0.06
3204,0.0,0.06
3205,0.0,0.07
3206,0.0,0.08
3207,0.0,0.09
3208,0.0,0.1
3209,0.01,0.1
3210,0.01,0.1
3211,0.01,0.09
3212,0.02,0.09
3213,0.02,0.09
3214,0.02,0.09
3215,0.01,0.09
3216,0.01,0.09
3217,0.01,0.09
3218,0.01,0.09
3219,0.01,0.09
3220,0.01,0.09
3221,0.01,0.09
3222,0.01,0.09
3223,0.01,0.09
3224,0.01,0.1
3225,0.01,0.1
3226,0.01,0.09
3227,0.01,0.09
3228,0.02,0.09
3229,0.05,0.09
3230,0.12,0.08
3231,0.13,0.08
3232,0.13,0.07
3233,0.19,0.07
3234,0.21,0.06
3235,0.13,0.05
3236,0.08,0.05
3237,0.06,0.05
3238,0.07,0.06
3239,0.08,0.07
3240,0.07,0.08
3241,0.05,0.09
3242,0.05,0.11
3243,0.04,0.12
3244,0.04,0.13
3245,0.03,0.13
3246,0.03,0.13
3247,0.02,0.12
3248,0.02,0.12
3249,0.02,0.12
3250,0.02,0.11
3251,0.02,0.1
3252,0.02,0.1
3253,0.02,0.11
3254,0.02,0.11
3255,0.02,0.12
3256,0.02,0.13
3257,0.03,0.13
3258,0.03,0.13
3259,0.03,0.13
3260,0.02,0.13
3261,0.01,0.12
3262,0.01,0.11
3263,0.01,0.11
3264,0.01,0.1
3265,0.01,0.1
3266,0.01,0.1
3267,0.01,0.11
3268,0.02,0.11
3269,0.01,0.12
3270,0.01,0.12
3271,0.01,0.12
3272,0.01,0.12
3273,0.01,0.11
3274,0.0,0.11
3275,0.0,0.1
3276,0.01,0.09
3277,0.01,0.09
3278,0.01,0.07
3279,0.01,0.07
3280,0.01,0.08
3281,0.01,0.08
3282,0.01,0.09
3283,0.01,0.09
3284,0.01,0.1
3285,0.01,0.1
3286,0.01,0.11
3287,0.01,0.11
3288,0.0,0.11
3289,0.0,0.11
3290,0.0,0.12
3291,0.0,0.12
3292,0.0,0.13
3293,0.0,0.13
3294,0.0,0.15
3295,0.0,0.13
3296,0.0,0.13
3297,0.0,0.1
3298,0.0,0.07
3299,0.0,0.05
3300,0.0,0.05
3301,0.0,0.04
3302,0.0,0.04
3303,0.0,0.04
3304,0.0,0.04
3305,0.0,0.04
3306,0.0,0.04
3307,0.0,0.04
3308,0.0,0.05
3309,0.0,0.05
3310,0.01,0.06
3311,0.01,0.06
3312,0.01,0.07
3313,0.01,0.07
3314,0.01,0.08
3315,0.01,0.08
3316,0.01,0.09
3317,0.01,0.09
3318,0.02,0.09
3319,0.02,0.09
3320,0.04,0.08
3321,0.12,0.09
3322,0.47,0.12
3323,0.51,0.09
3324,0.68,0.07
3325,0.71,0.05
3326,0.75,0.05
3327,0.79,0.06
3328,0.78,0.06
3329,0.8,0.06
3330,0.79,0.05
3331,0.63,0.03
3332,0.28,0.02
3333,0.03,0.01
3334,0.01,0.01
3335,0.01,0.01
3336,0.0,0.01
3337,0.0,0.01
3338,0.0,0.01
3339,0.0,0.01
3340,0.0,0.01
3341,0.0,0.01
3342,0.0,0.01
3343,0.0,0.01
3344,0.0,0.01
3345,0.0,0.01
3346,0.0,0.01
3347,0.0,0.01
3348,0.0,0.01
3349,0.0,0.0
3350,0.0,0.0
3351,0.0,0.0
3352,0.0,0.0
3353,0.0,0.0
3354,0.0,0.0
3355,0.0,0.0
3356,0.0,0.0
3357,0.0,0.0
3358,0.0,0.0
3359,0.0,0.0
3360,0.0,0.0
3361,0.0,0.0
3362,0.0,0.0
3363,0.0,0.0
3364,0.01,0.0
3365,0.01,0.0
3366,0.01,0.0
3367,0.01,0.0
3368,0.01,0.0
3369,0.01,0.0
3370,0.0,0.0
3371,0.0,0.0
3372,0.01,0.0
3373,0.01,0.0
3374,0.01,0.0
3375,0.01,0.0
3376,0.0,0.01
3377,0.0,0.01
3378,0.01,0.01
3379,0.01,0.02
3380,0.01,0.02
3381,0.01,0.03
3382,0.01,0.05
3383,0.01,0.07
3384,0.01,0.14
3385,0.01,0.19
3386,0.01,0.42
3387,0.01,0.54
3388,0.01,0.62
3389,0.01,0.7
3390,0.01,0.73
3391,0.01,0.78
3392,0.01,0.79
3393,0.0,0.8
3394,0.0,0.8
3395,0.0,0.8
3396,0.0,0.78
3397,0.0,0.71
3398,0.0,0.65
3399,0.0,0.56
3400,0.0,0.5
3401,0.0,0.51
3402,0.0,0.57
3403,0.0,0.67
3404,0.0,0.74
3405,0.0,0.74
3406,0.0,0.69
3407,0.0,0.63
3408,0.0,0.44
3409,0.0,0.17
3410,0.01,0.06
3411,0.01,0.07
3412,0.03,0.04
3413,0.03,0.05
3414,0.03,0.07
3415,0.02,0.04
3416,0.01,0.01
3417,0.0,0.0
3418,0.0,0.0
3419,0.0,0.0
3420,0.0,0.0
3421,0.0,0.0
3422,0.0,0.0
3423,0.0,0.0
3424,0.0,0.0
3425,0.0,0.0
3426,0.0,0.0
3427,0.0,0.0
3428,0.0,0.0
3429,0.0,0.0
3430,0.0,0.0
3431,0.0,0.0
3432,0.0,0.0
3433,0.0,0.0
3434,0.0,0.0
3435,0.0,0.0
3436,0.0,0.0
3437,0.0,0.0
3438,0.0,0.0
3439,0.01,0.0
3440,0.01,0.0
3441,0.01,0.0
3442,0.01,0.0
3443,0.01,0.0
3444,0.01,0.0
3445,0.01,0.0
3446,0.01,0.0
3447,0.01,0.0
3448,0.01,0.0
3449,0.01,0.0
3450,0.01,0.0
3451,0.01,0.0
3452,0.01,0.0
3453,0.02,0.0
3454,0.02,0.0
3455,0.02,0.0
3456,0.03,0.0
3457,0.03,0.0
3458,0.03,0.0
3459,0.02,0.0
3460,0.02,0.0
3461,0.01,0.0
3462,0.01,0.0
3463,0.01,0.0
3464,0.01,0.0
3465,0.01,0.0
3466,0.01,0.0
3467,0.0,0.0
3468,0.0,0.0
3469,0.0,0.0
3470,0.0,0.0
3471,0.0,0.0
3472,0.0,0.0
3473,0.01,0.0
3474,0.0,0.02
3475,0.0,0.08
3476,0.0,0.07
3477,0.0,0.03
3478,0.0,0.02
3479,0.0,0.02
3480,0.0,0.01
3481,0.0,0.02
3482,0.0,0.03
3483,0.0,0.01
3484,0.0,0.0
3485,0.0,0.01
3486,0.0,0.01
3487,0.0,0.02
3488,0.0,0.01
3489,0.0,0.01
3490,0.0,0.03
3491,0.0,0.02
3492,0.0,0.01
3493,0.0,0.0
3494,0.0,0.0
3495,0.0,0.0
3496,0.0,0.0
3497,0.0,0.0
3498,0.0,0.0
3499,0.0,0.0
3500,0.0,0.0
3501,0.0,0.0
3502,0.0,0.0
3503,0.0,0.0
3504,0.0,0.0
3505,0.01,0.0
3506,0.01,0.0
3507,0.01,0.0
3508,0.01,0.0
3509,0.01,0.0
3510,0.01,0.0
3511,0.01,0.0
3512,0.01,0.0
3513,0.0,0.0
3514,0.0,0.0
3515,0.0,0.0
3516,0.0,0.0
3517,0.0,0.0
3518,0.0,0.0
3519,0.0,0.0
3520,0.0,0.0
3521,0.0,0.0
3522,0.0,0.0
3523,0.0,0.0
3524,0.0,0.0
3525,0.0,0.0
3526,0.0,0.0
3527,0.0,0.0
3528,0.0,0.0
3529,0.0,0.0
3530,0.0,0.0
3531,0.0,0.0
3532,0.0,0.0
3533,0.0,0.0
3534,0.0,0.0
3535,0.0,0.0
3536,0.0,0.0
3537,0.0,0.0
3538,0.0,0.0
3539,0.0,0.0
3540,0.0,0.0
3541,0.0,0.0
3542,0.0,0.0
3543,0.0,0.0
3544,0.0,0.0
3545,0.0,0.0
3546,0.0,0.0
3547,0.0,0.0
3548,0.0,0.0
3549,0.0,0.0
3550,0.0,0.0
3551,0.0,0.0
3552,0.01,0.0
3553,0.0,0.0
3554,0.0,0.0
3555,0.0,0.0
3556,0.0,0.0
3557,0.0,0.0
3558,0.0,0.0
3559,0.0,0.0
3560,0.0,0.0
3561,0.0,0.0
3562,0.0,0.0
3563,0.0,0.0
3564,0.0,0.0
3565,0.0,0.0
3566,0.0,0.0
3567,0.0,0.0
3568,0.0,0.0
3569,0.0,0.0
3570,0.0,0.0
3571,0.0,0.0
3572,0.0,0.0
3573,0.0,0.0
3574,0.0,0.0
3575,0.0,0.0
3576,0.0,0.0
3577,0.0,0.0
3578,0.0,0.0
3579,0.0,0.0
3580,0.0,0.0
3581,0.0,0.0
3582,0.0,0.0
3583,0.0,0.0
3584,0.0,0.0
3585,0.0,0.0
3586,0.0,0.0
3587,0.0,0.0
3588,0.0,0.0
3589,0.0,0.0
3590,0.0,0.0
3591,0.0,0.0
3592,0.0,0.0
3593,0.0,0.0
3594,0.0,0.0
3595,0.0,0.0
3596,0.0,0.0
3597,0.0,0.0
3598,0.0,0.0
3599,0.0,0.0
3600,0.0,0.0
3601,0.0,0.0
3602,0.0,0.0
3603,0.0,0.0
3604,0.0,0.0
3605,0.0,0.0
3606,0.0,0.0
3607,0.0,0.0
3608,0.0,0.0
3609,0.0,0.0
3610,0.0,0.0
3611,0.0,0.0
3612,0.0,0.0
3613,0.0,0.0
3614,0.0,0.0
3615,0.0,0.0
3616,0.0,0.0
3617,0.0,0.0
3618,0.0,0.0
3619,0.0,0.0
3620,0.0,0.0
3621,0.0,0.0
3622,0.0,0.0
3623,0.0,0.0
3624,0.0,0.0
3625,0.0,0.0
3626,0.0,0.0
3627,0.0,0.0
3628,0.0,0.0
3629,0.0,0.0
3630,0.0,0.0
3631,0.0,0.0
3632,0.0,0.0
3633,0.0,0.0
3634,0.0,0.0
3635,0.0,0.01
3636,0.0,0.02
3637,0.0,0.03
3638,0.0,0.03
3639,0.0,0.03
3640,0.0,0.03
3641,0.0,0.03
3642,0.0,0.03
3643,0.0,0.03
3644,0.0,0.02
3645,0.0,0.02
3646,0.0,0.02
3647,0.0,0.02
3648,0.0,0.02
3649,0.0,0.02
3650,0.0,0.02
3651,0.0,0.02
3652,0.0,0.02
3653,0.0,0.02
3654,0.0,0.02
3655,0.0,0.02
3656,0.0,0.02
3657,0.0,0.02
3658,0.0,0.02
3659,0.0,0.02
3660,0.0,0.02
3661,0.0,0.02
3662,0.0,0.02
3663,0.0,0.02
3664,0.0,0.02
3665,0.0,0.02
3666,0.0,0.02
3667,0.0,0.02
3668,0.0,0.02
3669,0.0,0.02
3670,0.0,0.02
3671,0.0,0.02
3672,0.0,0.02
3673,0.0,0.02
3674,0.0,0.03
3675,0.0,0.03
3676,0.0,0.03
3677,0.0,0.03
3678,0.0,0.03
3679,0.0,0.03
3680,0.0,0.03
3681,0.0,0.03
3682,0.0,0.02
3683,0.0,0.02
3684,0.0,0.02
3685,0.0,0.02
3686,0.0,0.02
3687,0.0,0.02
3688,0.0,0.02
3689,0.0,0.02
3690,0.0,0.03
3691,0.0,0.03
3692,0.0,0.03
3693,0.0,0.03
3694,0.0,0.03
3695,0.0,0.03
3696,0.0,0.03
3697,0.0,0.03
3698,0.0,0.02
3699,0.0,0.01
3700,0.0,0.01
3701,0.0,0.01
3702,0.0,0.01
3703,0.0,0.01
3704,0.0,0.01
3705,0.0,0.01
3706,0.0,0.0
3707,0.0,0.0
3708,0.0,0.0
3709,0.0,0.0
3710,0.0,0.0
3711,0.0,0.0
3712,0.0,0.0
3713,0.0,0.0
3714,0.0,0.0
3715,0.0,0.0
3716,0.0,0.0
3717,0.0,0.0
3718,0.0,0.0
3719,0.0,0.0
3720,0.0,0.0
3721,0.0,0.0
3722,0.0,0.0
3723,0.0,0.0
3724,0.0,0.0
3725,0.0,0.0
3726,0.0,0.0
3727,0.0,0.0
3728,0.0,0.0
3729,0.0,0.0
3730,0.0,0.0
3731,0.0,0.0
3732,0.0,0.0
3733,0.0,0.0
3734,0.0,0.0
3735,0.0,0.0
3736,0.0,0.0
3737,0.0,0.0
3738,0.0,0.0
3739,0.0,0.0
3740,0.0,0.0
3741,0.0,0.0
3742,0.0,0.0
3743,0.0,0.0
3744,0.0,0.0
3745,0.0,0.0
3746,0.0,0.0
3747,0.0,0.0
3748,0.0,0.0
3749,0.0,0.0
3750,0.0,0.0
3751,0.0,0.0
3752,0.0,0.0
3753,0.0,0.0
3754,0.0,0.0
3755,0.0,0.0
3756,0.0,0.0
3757,0.0,0.0
3758,0.0,0.0
3759,0.0,0.0
3760,0.0,0.0
3761,0.0,0.0
3762,0.0,0.0
3763,0.0,0.0
3764,0.0,0.0
3765,0.0,0.0
3766,0.0,0.0
3767,0.0,0.0
3768,0.0,0.0
3769,0.0,0.0
3770,0.0,0.0
3771,0.0,0.0
3772,0.0,0.0
3773,0.0,0.0
3774,0.0,0.0
3775,0.0,0.0
3776,0.0,0.0
3777,0.0,0.0
3778,0.0,0.0
3779,0.0,0.0
3780,0.0,0.0
3781,0.0,0.0
3782,0.0,0.0
3783,0.0,0.0
3784,0.0,0.0
3785,0.0,0.0
3786,0.0,0.0
3787,0.0,0.0
3788,0.0,0.0
3789,0.0,0.0
3790,0.0,0.0
3791,0.0,0.0
3792,0.0,0.0
3793,0.0,0.0
3794,0.0,0.0
3795,0.0,0.0
3796,0.0,0.0
3797,0.0,0.0
3798,0.0,0.0
3799,0.0,0.01
3800,0.0,0.01
3801,0.0,0.01
3802,0.0,0.01
3803,0.0,0.01
3804,0.0,0.01
3805,0.0,0.01
3806,0.0,0.01
3807,0.0,0.01
3808,0.0,0.01
3809,0.0,0.01
3810,0.0,0.01
3811,0.0,0.01
3812,0.0,0.0
3813,0.0,0.0
3814,0.0,0.0
3815,0.0,0.0
3816,0.0,0.0
3817,0.0,0.0
3818,0.0,0.0
3819,0.0,0.01
3820,0.0,0.01
3821,0.0,0.01
3822,0.0,0.0
3823,0.0,0.0
3824,0.0,0.0
3825,0.0,0.0
3826,0.0,0.0
3827,0.0,0.0
3828,0.0,0.0
3829,0.0,0.0
3830,0.0,0.0
3831,0.0,0.0
3832,0.0,0.0
3833,0.0,0.0
3834,0.0,0.0
3835,0.0,0.0
3836,0.0,0.0
3837,0.0,0.0
3838,0.0,0.0
3839,0.0,0.0
3840,0.0,0.0
3841,0.0,0.0
3842,0.0,0.0
3843,0.0,0.0
3844,0.0,0.0
3845,0.0,0.0
3846,0.0,0.0
3847,0.0,0.0
3848,0.0,0.0
3849,0.0,0.0
3850,0.0,0.0
3851,0.0,0.0
3852,0.0,0.0
3853,0.0,0.0
3854,0.0,0.0
3855,0.01,0.0
3856,0.01,0.0
3857,0.0,0.0
3858,0.0,0.0
3859,0.0,0.0
3860,0.0,0.0
3861,0.0,0.01
3862,0.0,0.01
3863,0.0,0.01
3864,0.0,0.01
3865,0.0,0.01
3866,0.0,0.01
3867,0.0,0.01
3868,0.0,0.0
3869,0.0,0.0
3870,0.0,0.0
3871,0.0,0.0
3872,0.0,0.0
3873,0.0,0.0
3874,0.0,0.0
3875,0.0,0.0
3876,0.0,0.0
3877,0.0,0.0
3878,0.0,0.0
3879,0.0,0.0
3880,0.0,0.0
3881,0.0,0.0
3882,0.0,0.0
3883,0.0,0.0
3884,0.0,0.0
3885,0.0,0.0
3886,0.0,0.0
3887,0.0,0.0
3888,0.0,0.0
3889,0.0,0.0
3890,0.0,0.0
3891,0.0,0.0
3892,0.0,0.0
3893,0.0,0.0
3894,0.0,0.0
3895,0.0,0.0
3896,0.0,0.0
3897,0.0,0.01
3898,0.0,0.01
3899,0.0,0.01
3900,0.0,0.01
3901,0.0,0.02
3902,0.0,0.02
3903,0.0,0.02
3904,0.0,0.03
3905,0.0,0.03
3906,0.0,0.03
3907,0.0,0.03
3908,0.0,0.03
3909,0.0,0.04
3910,0.0,0.03
3911,0.0,0.04
3912,0.0,0.03
3913,0.0,0.03
3914,0.0,0.02
3915,0.0,0.02
3916,0.0,0.01
3917,0.0,0.01
3918,0.0,0.01
3919,0.0,0.01
3920,0.0,0.0
3921,0.0,0.0
3922,0.0,0.0
3923,0.0,0.0
3924,0.0,0.0
3925,0.0,0.0
3926,0.0,0.0
3927,0.0,0.0
3928,0.0,0.0
3929,0.0,0.0
3930,0.0,0.0
3931,0.0,0.0
3932,0.0,0.0
3933,0.0,0.0
3934,0.0,0.0
3935,0.0,0.0
3936,0.0,0.0
3937,0.0,0.0
3938,0.0,0.0
3939,0.0,0.0
3940,0.0,0.0
3941,0.0,0.0
3942,0.0,0.0
3943,0.0,0.0
3944,0.0,0.0
3945,0.0,0.0
3946,0.0,0.0
3947,0.0,0.0
3948,0.0,0.0
3949,0.0,0.0
3950,0.0,0.0
3951,0.0,0.0
3952,0.0,0.0
3953,0.0,0.0
3954,0.0,0.0
3955,0.0,0.0
3956,0.0,0.0
3957,0.0,0.0
3958,0.0,0.0
3959,0.0,0.0
3960,0.0,0.0
3961,0.0,0.0
3962,0.0,0.0
3963,0.0,0.0
3964,0.0,0.0
3965,0.0,0.0
3966,0.0,0.0
3967,0.0,0.0
3968,0.0,0.0
3969,0.0,0.0
3970,0.0,0.0
3971,0.0,0.0
3972,0.0,0.0
3973,0.0,0.0
3974,0.0,0.0
3975,0.0,0.0
3976,0.0,0.0
3977,0.0,0.0
3978,0.0,0.0
3979,0.0,0.0
3980,0.0,0.0
3981,0.0,0.0
3982,0.0,0.0
3983,0.0,0.0
3984,0.0,0.0
3985,0.0,0.0
3986,0.0,0.0
3987,0.0,0.0
3988,0.0,0.0
3989,0.0,0.0
3990,0.0,0.0
3991,0.0,0.0
3992,0.0,0.0
3993,0.0,0.0
3994,0.0,0.0
3995,0.0,0.0
3996,0.0,0.0
3997,0.0,0.0
3998,0.0,0.0
3999,0.0,0.0
4000,0.0,0.0
4001,0.0,0.0
4002,0.0,0.0
4003,0.0,0.0
4004,0.0,0.0
4005,0.0,0.01
4006,0.0,0.01
4007,0.0,0.01
4008,0.0,0.01
4009,0.0,0.01
4010,0.0,0.0
4011,0.0,0.0
4012,0.0,0.0
4013,0.0,0.01
4014,0.0,0.01
4015,0.0,0.0
4016,0.0,0.0
4017,0.0,0.0
4018,0.0,0.0
4019,0.0,0.0
4020,0.0,0.0
4021,0.0,0.0
4022,0.0,0.0
4023,0.0,0.0
4024,0.0,0.0
4025,0.0,0.0
4026,0.0,0.0
4027,0.0,0.0
4028,0.0,0.0
4029,0.0,0.0
4030,0.0,0.0
4031,0.0,0.0
4032,0.0,0.0
4033,0.0,0.0
4034,0.0,0.0
4035,0.0,0.0
4036,0.0,0.0
4037,0.0,0.0
4038,0.0,0.0
4039,0.0,0.0
4040,0.0,0.0
4041,0.0,0.0
4042,0.0,0.0
4043,0.0,0.0
4044,0.0,0.0
4045,0.0,0.0
4046,0.0,0.0
4047,0.0,0.0
4048,0.0,0.0
4049,0.0,0.0
4050,0.0,0.0
4051,0.0,0.0
4052,0.0,0.0
4053,0.0,0.0
4054,0.0,0.0
4055,0.0,0.0
4056,0.0,0.0
4057,0.0,0.0
4058,0.0,0.0
4059,0.0,0.0
4060,0.0,0.0
4061,0.0,0.0
4062,0.0,0.0
4063,0.0,0.0
4064,0.0,0.0
4065,0.0,0.0
4066,0.0,0.0
4067,0.0,0.0
4068,0.0,0.0
4069,0.0,0.0
4070,0.0,0.0
4071,0.0,0.0
4072,0.0,0.0
4073,0.0,0.0
4074,0.0,0.0
4075,0.0,0.0
4076,0.0,0.0
4077,0.0,0.0
4078,0.0,0.0
4079,0.0,0.0
4080,0.0,0.0
4081,0.0,0.0
4082,0.0,0.0
4083,0.0,0.0
4084,0.0,0.0
4085,0.0,0.0
4086,0.0,0.0
4087,0.0,0.0
4088,0.0,0.0
4089,0.0,0.0
4090,0.0,0.0
4091,0.0,0.0
4092,0.0,0.0
4093,0.0,0.0
4094,0.0,0.0
4095,0.0,0.0
4096,0.0,0.0
4097,0.0,0.0
4098,0.0,0.0
4099,0.0,0.0
4100,0.0,0.0
4101,0.0,0.0
4102,0.0,0.0
4103,0.0,0.0
4104,0.0,0.0
4105,0.0,0.0
4106,0.0,0.0
4107,0.0,0.0
4108,0.0,0.0
4109,0.0,0.0
4110,0.0,0.0
4111,0.0,0.0
4112,0.0,0.0
4113,0.0,0.0
4114,0.0,0.0
4115,0.0,0.0
4116,0.0,0.0
4117,0.0,0.0
4118,0.0,0.0
4119,0.0,0.0
4120,0.0,0.0
4121,0.0,0.0
4122,0.0,0.0
4123,0.0,0.0
4124,0.0,0.0
4125,0.0,0.0
4126,0.0,0.0
4127,0.0,0.0
4128,0.0,0.0
4129,0.0,0.0
4130,0.0,0.0
4131,0.0,0.0
4132,0.0,0.0
4133,0.0,0.0
4134,0.0,0.0
4135,0.0,0.0
4136,0.0,0.0
4137,0.0,0.0
4138,0.0,0.0
4139,0.0,0.0
4140,0.0,0.0
4141,0.0,0.0
4142,0.0,0.0
4143,0.0,0.0
4144,0.0,0.0
4145,0.0,0.0
4146,0.0,0.0
4147,0.0,0.0
4148,0.0,0.0
4149,0.0,0.0
4150,0.0,0.0
4151,0.0,0.0
4152,0.0,0.0
4153,0.0,0.0
4154,0.0,0.0
4155,0.0,0.0
4156,0.0,0.0
4157,0.0,0.0
4158,0.0,0.0
4159,0.0,0.0
4160,0.0,0.0
4161,0.0,0.0
4162,0.0,0.0
4163,0.0,0.0
4164,0.0,0.0
4165,0.0,0.0
4166,0.0,0.0
4167,0.0,0.0
4168,0.0,0.0
4169,0.0,0.0
4170,0.0,0.0
4171,0.0,0.0
4172,0.0,0.0
4173,0.0,0.0
4174,0.0,0.0
4175,0.01,0.0
4176,0.01,0.0
4177,0.01,0.0
4178,0.01,0.0
4179,0.01,0.0
4180,0.01,0.0
4181,0.01,0.0
4182,0.01,0.0
4183,0.0,0.0
4184,0.0,0.0
4185,0.0,0.0
4186,0.0,0.0
4187,0.0,0.0
4188,0.0,0.0
4189,0.0,0.0
4190,0.0,0.0
4191,0.0,0.0
4192,0.0,0.0
4193,0.0,0.0
4194,0.0,0.0
4195,0.0,0.0
4196,0.0,0.0
4197,0.0,0.0
4198,0.0,0.01
4199,0.0,0.05
4200,0.0,0.09
4201,0.0,0.12
4202,0.0,0.16
4203,0.0,0.15
4204,0.0,0.16
4205,0.0,0.21
4206,0.0,0.05
4207,0.0,0.02
4208,0.0,0.01
4209,0.0,0.0
4210,0.0,0.0
4211,0.0,0.0
4212,0.0,0.0
4213,0.0,0.0
4214,0.0,0.0
4215,0.0,0.0
4216,0.0,0.01
4217,0.0,0.01
4218,0.0,0.01
4219,0.0,0.01
4220,0.0,0.01
4221,0.0,0.01
4222,0.0,0.01
4223,0.0,0.0
4224,0.0,0.0
4225,0.0,0.0
4226,0.0,0.0
4227,0.0,0.01
4228,0.0,0.01
4229,0.0,0.01
4230,0.0,0.01
4231,0.0,0.01
4232,0.0,0.01
4233,0.0,0.01
4234,0.0,0.01
4235,0.0,0.01
4236,0.0,0.01
4237,0.0,0.01
4238,0.0,0.01
4239,0.0,0.01
4240,0.0,0.01
4241,0.0,0.01
4242,0.0,0.0
4243,0.0,0.0
4244,0.0,0.0
4245,0.0,0.0
4246,0.0,0.0
4247,0.0,0.0
4248,0.0,0.0
4249,0.0,0.0
4250,0.0,0.0
4251,0.0,0.0
4252,0.0,0.0
4253,0.0,0.0
4254,0.0,0.0
4255,0.0,0.0
4256,0.0,0.0
4257,0.0,0.01
4258,0.0,0.01
4259,0.0,0.01
4260,0.0,0.01
4261,0.0,0.01
4262,0.0,0.01
4263,0.0,0.01
4264,0.0,0.01
4265,0.0,0.01
4266,0.0,0.02
4267,0.0,0.02
4268,0.0,0.04
4269,0.0,0.09
4270,0.0,0.13
4271,0.0,0.15
4272,0.0,0.15
4273,0.0,0.12
4274,0.0,0.1
4275,0.0,0.08
4276,0.0,0.05
4277,0.0,0.04
4278,0.0,0.02
4279,0.0,0.01
4280,0.0,0.01
4281,0.0,0.01
4282,0.0,0.01
4283,0.0,0.0
4284,0.0,0.0
4285,0.0,0.0
4286,0.0,0.0
4287,0.0,0.0
4288,0.0,0.0
4289,0.0,0.0
4290,0.0,0.0
4291,0.0,0.0
4292,0.0,0.0
4293,0.0,0.01
4294,0.0,0.0
4295,0.0,0.0
4296,0.0,0.0
4297,0.0,0.0
4298,0.0,0.0
4299,0.0,0.0
4300,0.0,0.0
4301,0.0,0.01
4302,0.0,0.01
4303,0.0,0.01
4304,0.0,0.01
4305,0.0,0.01
4306,0.0,0.01
4307,0.0,0.01
4308,0.0,0.01
4309,0.0,0.01
4310,0.0,0.01
4311,0.0,0.01
4312,0.0,0.01
4313,0.0,0.01
4314,0.0,0.01
4315,0.0,0.01
4316,0.0,0.01
4317,0.0,0.01
4318,0.0,0.01
4319,0.0,0.01
4320,0.0,0.01
4321,0.0,0.01
4322,0.0,0.01
4323,0.0,0.01
4324,0.0,0.01
4325,0.0,0.01
4326,0.0,0.01
4327,0.0,0.01
4328,0.0,0.01
4329,0.0,0.01
4330,0.0,0.01
4331,0.0,0.01
4332,0.0,0.01
4333,0.0,0.01
4334,0.0,0.01
4335,0.0,0.01
4336,0.0,0.01
4337,0.0,0.01
4338,0.0,0.0
4339,0.0,0.0
4340,0.0,0.01
4341,0.0,0.01
4342,0.0,0.02
4343,0.0,0.02
4344,0.0,0.02
4345,0.0,0.03
4346,0.0,0.03
4347,0.0,0.03
4348,0.0,0.02
4349,0.0,0.01
4350,0.0,0.01
4351,0.0,0.01
4352,0.0,0.01
4353,0.0,0.0
4354,0.0,0.0
4355,0.0,0.0
4356,0.0,0.0
4357,0.0,0.0
4358,0.0,0.0
4359,0.0,0.0
4360,0.0,0.0
4361,0.0,0.0
4362,0.0,0.0
4363,0.0,0.0
4364,0.0,0.0
4365,0.0,0.0
4366,0.0,0.0
4367,0.0,0.0
4368,0.0,0.0
4369,0.0,0.0
4370,0.0,0.01
4371,0.0,0.0
4372,0.0,0.0
4373,0.0,0.0
4374,0.0,0.0
4375,0.0,0.01
4376,0.0,0.01
4377,0.0,0.01
4378,0.0,0.01
4379,0.0,0.01
4380,0.0,0.01
4381,0.0,0.01
4382,0.0,0.0
4383,0.0,0.0
4384,0.0,0.0
4385,0.0,0.0
4386,0.0,0.0
4387,0.0,0.0
4388,0.0,0.0
4389,0.0,0.0
4390,0.0,0.0
4391,0.0,0.0
4392,0.0,0.0
4393,0.0,0.0
4394,0.0,0.0
4395,0.0,0.0
4396,0.0,0.0
4397,0.0,0.0
4398,0.0,0.0
4399,0.0,0.0
4400,0.0,0.0
4401,0.0,0.0
4402,0.0,0.0
4403,0.0,0.0
4404,0.0,0.0
4405,0.0,0.0
4406,0.0,0.0
4407,0.0,0.0
4408,0.0,0.0
4409,0.0,0.0
4410,0.0,0.0
4411,0.0,0.0
4412,0.0,0.0
4413,0.0,0.0
4414,0.0,0.0
4415,0.0,0.0
4416,0.0,0.0
4417,0.0,0.01
4418,0.0,0.01
4419,0.0,0.01
4420,0.0,0.02
4421,0.0,0.04
4422,0.0,0.06
4423,0.0,0.08
4424,0.0,0.07
4425,0.0,0.09
4426,0.0,0.19
4427,0.0,0.28
4428,0.0,0.28
4429,0.0,0.07
4430,0.0,0.0
4431,0.0,0.0
4432,0.0,0.0
4433,0.0,0.0
4434,0.0,0.0
4435,0.0,0.0
4436,0.0,0.0
4437,0.0,0.0
4438,0.0,0.01
4439,0.0,0.01
4440,0.0,0.01
4441,0.0,0.01
4442,0.0,0.0
4443,0.0,0.0
4444,0.0,0.0
4445,0.0,0.0
4446,0.0,0.0
4447,0.0,0.0
4448,0.0,0.0
4449,0.0,0.0
4450,0.0,0.0
4451,0.0,0.0
4452,0.0,0.0
4453,0.0,0.0
4454,0.0,0.0
4455,0.0,0.0
4456,0.0,0.0
4457,0.0,0.0
4458,0.0,0.0
4459,0.0,0.0
4460,0.0,0.0
4461,0.0,0.0
4462,0.0,0.0
4463,0.0,0.0
4464,0.0,0.0
4465,0.0,0.0
4466,0.0,0.0
4467,0.0,0.0
4468,0.0,0.0
4469,0.0,0.0
4470,0.0,0.0
4471,0.0,0.0
4472,0.0,0.0
4473,0.0,0.0
4474,0.0,0.0
4475,0.0,0.0
4476,0.0,0.0
4477,0.0,0.0
4478,0.0,0.0
4479,0.0,0.0
4480,0.0,0.0
4481,0.0,0.0
4482,0.0,0.0
4483,0.0,0.0
4484,0.0,0.0
4485,0.0,0.0
4486,0.0,0.0
4487,0.0,0.0
4488,0.0,0.0
4489,0.0,0.0
4490,0.0,0.0
4491,0.0,0.0
4492,0.0,0.0
4493,0.0,0.0
4494,0.0,0.0
4495,0.0,0.0
4496,0.0,0.0
4497,0.0,0.0
4498,0.0,0.0
4499,0.0,0.0
4500,0.0,0.0
4501,0.0,0.0
4502,0.0,0.0
4503,0.0,0.0
4504,0.0,0.0
4505,0.0,0.01
4506,0.0,0.01
4507,0.0,0.01
4508,0.0,0.01
4509,0.0,0.01
4510,0.0,0.01
4511,0.0,0.01
4512,0.0,0.01
4513,0.0,0.01
4514,0.0,0.0
4515,0.0,0.0
4516,0.0,0.0
4517,0.0,0.0
4518,0.0,0.0
4519,0.0,0.0
4520,0.0,0.0
4521,0.0,0.0
4522,0.0,0.0
4523,0.0,0.0
4524,0.0,0.0
4525,0.0,0.0
4526,0.0,0.0
4527,0.0,0.0
4528,0.0,0.0
4529,0.0,0.0
4530,0.0,0.0
4531,0.0,0.0
4532,0.0,0.0
4533,0.01,0.0
4534,0.01,0.0
4535,0.01,0.0
4536,0.01,0.0
4537,0.01,0.0
4538,0.0,0.0
4539,0.0,0.0
4540,0.0,0.0
4541,0.0,0.0
4542,0.0,0.0
4543,0.0,0.0
4544,0.0,0.0
4545,0.0,0.0
4546,0.0,0.0
4547,0.0,0.0
4548,0.0,0.0
4549,0.0,0.0
4550,0.0,0.0
4551,0.0,0.0
4552,0.0,0.0
4553,0.0,0.0
4554,0.0,0.0
4555,0.0,0.0
4556,0.0,0.0
4557,0.0,0.0
4558,0.0,0.0
4559,0.0,0.0
4560,0.0,0.0
4561,0.0,0.0
4562,0.0,0.0
4563,0.0,0.0
4564,0.01,0.0
4565,0.01,0.0
4566,0.0,0.0
4567,0.01,0.0
4568,0.01,0.0
4569,0.01,0.0
4570,0.01,0.0
4571,0.01,0.0
4572,0.01,0.0
4573,0.01,0.0
4574,0.01,0.0
4575,0.01,0.0
4576,0.01,0.0
4577,0.01,0.0
4578,0.01,0.0
4579,0.01,0.0
4580,0.01,0.0
4581,0.01,0.0
4582,0.01,0.0
4583,0.01,0.0
4584,0.01,0.0
4585,0.01,0.0
4586,0.01,0.0
4587,0.01,0.0
4588,0.01,0.0
4589,0.01,0.0
4590,0.01,0.0
4591,0.01,0.0
4592,0.01,0.0
4593,0.01,0.0
4594,0.01,0.0
4595,0.01,0.0
4596,0.01,0.0
4597,0.01,0.0
4598,0.01,0.0
4599,0.01,0.0
4600,0.01,0.0
4601,0.01,0.0
4602,0.01,0.0
4603,0.01,0.0
4604,0.01,0.0
4605,0.01,0.0
4606,0.01,0.0
4607,0.01,0.0
4608,0.01,0.0
4609,0.01,0.0
4610,0.01,0.0
4611,0.01,0.0
4612,0.01,0.0
4613,0.01,0.0
4614,0.01,0.0
4615,0.01,0.0
4616,0.01,0.0
4617,0.01,0.0
4618,0.01,0.0
4619,0.01,0.0
4620,0.01,0.0
4621,0.01,0.0
4622,0.01,0.0
4623,0.01,0.0
4624,0.01,0.0
4625,0.01,0.0
4626,0.01,0.0
4627,0.01,0.0
4628,0.01,0.0
4629,0.01,0.0
4630,0.01,0.0
4631,0.01,0.0
4632,0.0,0.0
4633,0.0,0.0
4634,0.0,0.0
4635,0.0,0.0
4636,0.01,0.0
4637,0.01,0.0
4638,0.01,0.0
4639,0.01,0.0
4640,0.01,0.0
4641,0.01,0.0
4642,0.01,0.0
4643,0.01,0.0
4644,0.01,0.0
4645,0.01,0.0
4646,0.01,0.0
4647,0.01,0.0
4648,0.01,0.0
4649,0.01,0.0
4650,0.01,0.0
4651,0.01,0.0
4652,0.01,0.0
4653,0.01,0.0
4654,0.01,0.0
4655,0.01,0.0
4656,0.01,0.0
4657,0.01,0.0
4658,0.01,0.0
4659,0.01,0.0
4660,0.01,0.0
4661,0.01,0.0
4662,0.01,0.0
4663,0.01,0.0
4664,0.01,0.0
4665,0.01,0.0
4666,0.01,0.0
4667,0.01,0.0
4668,0.01,0.0
4669,0.01,0.0
4670,0.01,0.0
4671,0.01,0.0
4672,0.01,0.0
4673,0.01,0.0
4674,0.0,0.0
4675,0.0,0.0
4676,0.0,0.0
4677,0.0,0.0
4678,0.0,0.0
4679,0.0,0.0
4680,0.0,0.0
4681,0.0,0.0
4682,0.0,0.0
4683,0.0,0.0
4684,0.0,0.0
4685,0.0,0.0
4686,0.0,0.0
4687,0.0,0.0
4688,0.01,0.0
4689,0.01,0.0
4690,0.01,0.0
4691,0.01,0.0
4692,0.01,0.0
4693,0.01,0.0
4694,0.01,0.0
4695,0.01,0.0
4696,0.0,0.0
4697,0.0,0.0
4698,0.0,0.0
4699,0.01,0.0
4700,0.01,0.0
4701,0.01,0.0
4702,0.01,0.0
4703,0.01,0.0
4704,0.01,0.0
4705,0.01,0.0
4706,0.01,0.0
4707,0.01,0.0
4708,0.01,0.0
4709,0.01,0.0
4710,0.01,0.0
4711,0.01,0.0
4712,0.01,0.0
4713,0.01,0.0
4714,0.01,0.0
4715,0.01,0.0
4716,0.01,0.0
4717,0.01,0.0
4718,0.01,0.0
4719,0.01,0.0
4720,0.01,0.0
4721,0.01,0.0
4722,0.01,0.0
4723,0.01,0.0
4724,0.01,0.0
4725,0.01,0.0
4726,0.01,0.0
4727,0.01,0.0
4728,0.01,0.0
4729,0.01,0.0
4730,0.01,0.0
4731,0.01,0.0
4732,0.01,0.0
4733,0.01,0.0
4734,0.01,0.0
4735,0.01,0.0
4736,0.01,0.0
4737,0.01,0.0
4738,0.01,0.0
4739,0.01,0.0
4740,0.01,0.0
4741,0.01,0.0
4742,0.01,0.0
4743,0.01,0.0
4744,0.01,0.0
4745,0.01,0.0
4746,0.01,0.0
4747,0.01,0.0
4748,0.01,0.0
4749,0.01,0.0
4750,0.01,0.0
4751,0.01,0.0
4752,0.01,0.0
4753,0.01,0.0
4754,0.01,0.0
4755,0.01,0.0
4756,0.01,0.0
4757,0.01,0.0
4758,0.01,0.0
4759,0.01,0.0
4760,0.01,0.0
4761,0.01,0.0
4762,0.01,0.0
4763,0.01,0.0
4764,0.01,0.0
4765,0.01,0.0
4766,0.0,0.0
4767,0.0,0.0
4768,0.0,0.0
4769,0.0,0.0
4770,0.0,0.0
4771,0.0,0.0
4772,0.0,0.0
4773,0.0,0.0
4774,0.0,0.0
4775,0.0,0.0
4776,0.0,0.0
4777,0.01,0.0
4778,0.01,0.0
4779,0.01,0.0
4780,0.0,0.0
4781,0.0,0.0
4782,0.0,0.0
4783,0.0,0.0
4784,0.0,0.0
4785,0.0,0.0
4786,0.0,0.0
4787,0.0,0.0
4788,0.0,0.0
4789,0.0,0.0
4790,0.0,0.0
4791,0.0,0.0
4792,0.0,0.0
4793,0.0,0.0
4794,0.0,0.0
4795,0.0,0.0
4796,0.0,0.0
4797,0.0,0.0
4798,0.0,0.0
4799,0.0,0.0
4800,0.0,0.0
4801,0.0,0.0
4802,0.0,0.0
4803,0.0,0.0
4804,0.0,0.0
4805,0.0,0.0
4806,0.0,0.0
4807,0.0,0.0
4808,0.0,0.0
4809,0.0,0.0
4810,0.0,0.0
4811,0.0,0.0
4812,0.0,0.0
4813,0.0,0.0
4814,0.0,0.0
4815,0.0,0.0
4816,0.0,0.0
4817,0.0,0.0
4818,0.0,0.0
4819,0.0,0.0
4820,0.0,0.0
4821,0.0,0.0
4822,0.0,0.0
4823,0.0,0.0
4824,0.0,0.0
4825,0.0,0.0
4826,0.0,0.0
4827,0.0,0.0
4828,0.0,0.0
4829,0.0,0.0
4830,0.0,0.0
4831,0.0,0.0
4832,0.0,0.0
4833,0.0,0.0
4834,0.0,0.0
4835,0.0,0.0
4836,0.0,0.0
4837,0.0,0.0
4838,0.0,0.0
4839,0.0,0.0
4840,0.0,0.0
4841,0.0,0.0
4842,0.01,0.0
4843,0.01,0.0
4844,0.01,0.0
4845,0.01,0.0
4846,0.01,0.0
4847,0.01,0.0
4848,0.01,0.0
4849,0.01,0.0
4850,0.01,0.0
4851,0.01,0.0
4852,0.01,0.0
4853,0.01,0.0
4854,0.01,0.0
4855,0.01,0.0
4856,0.01,0.0
4857,0.01,0.0
4858,0.01,0.0
4859,0.01,0.0
4860,0.01,0.0
4861,0.01,0.0
4862,0.01,0.0
4863,0.01,0.0
4864,0.01,0.0
4865,0.01,0.0
4866,0.01,0.0
4867,0.01,0.0
4868,0.01,0.0
4869,0.01,0.0
4870,0.01,0.0
4871,0.01,0.0
4872,0.01,0.0
4873,0.01,0.0
4874,0.01,0.0
4875,0.01,0.0
4876,0.01,0.0
4877,0.01,0.0
4878,0.01,0.0
4879,0.01,0.0
4880,0.01,0.0
4881,0.01,0.0
4882,0.01,0.0
4883,0.01,0.0
4884,0.01,0.0
4885,0.01,0.0
4886,0.01,0.0
4887,0.01,0.0
4888,0.01,0.0
4889,0.01,0.0
4890,0.01,0.0
4891,0.01,0.0
4892,0.01,0.0
4893,0.01,0.0
4894,0.01,0.0
4895,0.01,0.0
4896,0.01,0.0
4897,0.01,0.0
4898,0.01,0.0
4899,0.01,0.0
4900,0.01,0.0
4901,0.01,0.0
4902,0.01,0.0
4903,0.01,0.0
4904,0.01,0.0
4905,0.01,0.0
4906,0.01,0.0
4907,0.01,0.0
4908,0.01,0.0
4909,0.01,0.0
4910,0.01,0.0
4911,0.01,0.0
4912,0.01,0.0
4913,0.01,0.0
4914,0.01,0.0
4915,0.01,0.0
4916,0.01,0.0
4917,0.01,0.0
4918,0.01,0.0
4919,0.01,0.0
4920,0.01,0.0
4921,0.01,0.0
4922,0.01,0.0
4923,0.01,0.0
4924,0.01,0.0
4925,0.01,0.0
4926,0.01,0.0
4927,0.01,0.0
4928,0.01,0.0
4929,0.01,0.0
4930,0.01,0.0
4931,0.01,0.0
4932,0.01,0.0
4933,0.01,0.0
4934,0.01,0.0
4935,0.01,0.0
4936,0.01,0.0
4937,0.01,0.0
4938,0.01,0.0
4939,0.01,0.0
4940,0.01,0.0
4941,0.01,0.0
4942,0.01,0.0
4943,0.01,0.0
4944,0.01,0.0
4945,0.01,0.0
4946,0.01,0.0
4947,0.01,0.0
4948,0.01,0.0
4949,0.01,0.0
4950,0.01,0.0
4951,0.01,0.0
4952,0.01,0.0
4953,0.01,0.0
4954,0.01,0.0
4955,0.01,0.0
4956,0.01,0.0
4957,0.01,0.0
4958,0.01,0.0
4959,0.01,0.0
4960,0.01,0.0
4961,0.01,0.0
4962,0.01,0.0
4963,0.01,0.0
4964,0.0,0.0
4965,0.0,0.0
4966,0.0,0.0
4967,0.0,0.0
4968,0.0,0.0
4969,0.0,0.0
4970,0.0,0.0
4971,0.0,0.0
4972,0.0,0.0
4973,0.0,0.0
4974,0.0,0.0
4975,0.0,0.0
4976,0.01,0.0
4977,0.01,0.0
4978,0.01,0.0
4979,0.01,0.0
4980,0.01,0.0
4981,0.01,0.0
4982,0.01,0.0
4983,0.01,0.0
4984,0.01,0.0
4985,0.01,0.0
4986,0.01,0.0
4987,0.01,0.0
4988,0.01,0.0
4989,0.01,0.0
4990,0.01,0.0
4991,0.01,0.0
4992,0.01,0.0
4993,0.01,0.0
4994,0.01,0.0
4995,0.01,0.0
4996,0.01,0.0
4997,0.01,0.0
4998,0.01,0.0
4999,0.01,0.0
5000,0.01,0.0
5001,0.01,0.0
5002,0.01,0.0
5003,0.01,0.0
5004,0.01,0.0
5005,0.01,0.0
5006,0.01,0.0
5007,0.01,0.0
5008,0.01,0.0
5009,0.01,0.0
5010,0.01,0.0
5011,0.01,0.0
5012,0.01,0.0
5013,0.01,0.0
5014,0.01,0.0
5015,0.01,0.0
5016,0.01,0.0
5017,0.01,0.0
5018,0.01,0.0
5019,0.01,0.0
5020,0.01,0.0
5021,0.01,0.0
5022,0.01,0.0
5023,0.01,0.0
5024,0.01,0.0
5025,0.01,0.0
5026,0.01,0.0
5027,0.01,0.0
5028,0.01,0.0
5029,0.01,0.0
5030,0.01,0.0
5031,0.01,0.0
5032,0.01,0.0
5033,0.01,0.0
5034,0.01,0.0
5035,0.01,0.0
5036,0.01,0.0
5037,0.01,0.0
5038,0.01,0.0
5039,0.01,0.0
5040,0.01,0.0
5041,0.01,0.0
5042,0.01,0.0
5043,0.01,0.0
5044,0.01,0.0
5045,0.01,0.0
5046,0.01,0.0
5047,0.01,0.0
5048,0.01,0.0
5049,0.01,0.0
5050,0.01,0.0
5051,0.01,0.0
5052,0.01,0.0
5053,0.01,0.0
5054,0.01,0.0
5055,0.01,0.0
5056,0.01,0.0
5057,0.01,0.0
5058,0.01,0.0
5059,0.01,0.0
5060,0.01,0.0
5061,0.01,0.0
5062,0.01,0.0
5063,0.01,0.0
5064,0.01,0.0
5065,0.01,0.0
5066,0.01,0.0
5067,0.01,0.0
5068,0.01,0.0
5069,0.01,0.0
5070,0.01,0.0
5071,0.01,0.0
5072,0.01,0.0
5073,0.01,0.0
5074,0.01,0.0
5075,0.01,0.0
5076,0.01,0.0
5077,0.01,0.0
5078,0.01,0.0
5079,0.01,0.0
5080,0.01,0.0
5081,0.01,0.0
5082,0.01,0.0
5083,0.01,0.0
5084,0.01,0.0
5085,0.01,0.0
5086,0.01,0.0
5087,0.01,0.0
5088,0.01,0.0
5089,0.01,0.0
5090,0.01,0.0
5091,0.01,0.0
5092,0.01,0.0
5093,0.01,0.0
5094,0.01,0.0
5095,0.01,0.0
5096,0.01,0.0
5097,0.01,0.0
5098,0.01,0.0
5099,0.01,0.0
5100,0.01,0.0
5101,0.01,0.0
5102,0.01,0.0
5103,0.01,0.0
5104,0.01,0.0
5105,0.01,0.0
5106,0.01,0.0
5107,0.01,0.0
5108,0.01,0.0
5109,0.01,0.0
5110,0.0,0.0
5111,0.0,0.0
5112,0.0,0.0
5113,0.0,0.0
5114,0.01,0.0
5115,0.01,0.0
5116,0.01,0.0
5117,0.01,0.0
5118,0.01,0.0
5119,0.01,0.0
5120,0.01,0.0
5121,0.01,0.0
5122,0.01,0.0
5123,0.01,0.0
5124,0.01,0.0
5125,0.01,0.0
5126,0.01,0.0
5127,0.01,0.0
5128,0.01,0.0
5129,0.01,0.0
5130,0.01,0.0
5131,0.01,0.0
5132,0.01,0.0
5133,0.01,0.0
5134,0.01,0.0
5135,0.01,0.0
5136,0.01,0.0
5137,0.01,0.0
5138,0.01,0.0
5139,0.01,0.0
5140,0.01,0.0
5141,0.01,0.0
5142,0.01,0.0
5143,0.01,0.0
5144,0.01,0.0
5145,0.01,0.0
5146,0.01,0.0
5147,0.01,0.0
5148,0.01,0.0
5149,0.01,0.0
5150,0.01,0.0
5151,0.01,0.0
5152,0.01,0.0
5153,0.01,0.0
5154,0.01,0.0
5155,0.01,0.0
5156,0.01,0.0
5157,0.01,0.0
5158,0.0,0.0
5159,0.0,0.0
5160,0.0,0.0
5161,0.0,0.0
5162,0.0,0.0
5163,0.0,0.0
5164,0.0,0.0
5165,0.01,0.0
5166,0.01,0.0
5167,0.01,0.0
5168,0.01,0.0
5169,0.01,0.0
5170,0.01,0.0
5171,0.01,0.0
5172,0.01,0.0
5173,0.01,0.0
5174,0.01,0.0
5175,0.01,0.0
5176,0.01,0.0
5177,0.01,0.0
5178,0.01,0.0
5179,0.01,0.0
5180,0.01,0.0
5181,0.01,0.0
5182,0.01,0.0
5183,0.01,0.0
5184,0.01,0.0
5185,0.01,0.0
5186,0.01,0.0
5187,0.01,0.0
5188,0.01,0.0
5189,0.01,0.0
5190,0.01,0.0
5191,0.01,0.0
5192,0.01,0.0
5193,0.01,0.0
5194,0.01,0.0
5195,0.01,0.0
5196,0.01,0.0
5197,0.01,0.0
5198,0.01,0.0
5199,0.01,0.0
5200,0.01,0.0
5201,0.01,0.0
5202,0.01,0.0
5203,0.01,0.0
5204,0.01,0.0
5205,0.01,0.0
5206,0.01,0.0
5207,0.01,0.0
5208,0.01,0.0
5209,0.01,0.0
5210,0.01,0.0
5211,0.01,0.0
5212,0.01,0.0
5213,0.01,0.0
5214,0.01,0.0
5215,0.01,0.0
5216,0.01,0.0
5217,0.01,0.0
5218,0.01,0.0
5219,0.01,0.0
5220,0.01,0.0
5221,0.01,0.0
5222,0.01,0.0
5223,0.01,0.0
5224,0.01,0.0
5225,0.01,0.0
5226,0.01,0.0
5227,0.01,0.0
5228,0.01,0.0
5229,0.01,0.0
5230,0.01,0.0
5231,0.01,0.0
5232,0.01,0.0
5233,0.01,0.0
5234,0.01,0.0
5235,0.01,0.0
5236,0.01,0.0
5237,0.01,0.0
5238,0.01,0.0
5239,0.01,0.0
5240,0.01,0.0
5241,0.01,0.0
5242,0.01,0.0
5243,0.01,0.0
5244,0.01,0.0
5245,0.01,0.0
5246,0.01,0.0
5247,0.01,0.0
5248,0.01,0.0
5249,0.01,0.0
5250,0.01,0.0
5251,0.01,0.0
5252,0.01,0.0
5253,0.01,0.0
5254,0.01,0.0
5255,0.01,0.0
5256,0.01,0.0
5257,0.01,0.0
5258,0.01,0.0
5259,0.01,0.0
5260,0.03,0.0
5261,0.03,0.0
5262,0.03,0.0
5263,0.02,0.0
5264,0.01,0.0
5265,0.01,0.0
5266,0.01,0.0
5267,0.01,0.0
5268,0.01,0.0
5269,0.01,0.0
5270,0.01,0.0
5271,0.01,0.0
5272,0.01,0.0
5273,0.01,0.01
5274,0.01,0.0
5275,0.01,0.0
5276,0.01,0.0
5277,0.0,0.0
5278,0.0,0.0
5279,0.0,0.0
5280,0.0,0.0
5281,0.01,0.0
5282,0.01,0.0
5283,0.01,0.0
5284,0.01,0.0
5285,0.01,0.0
5286,0.01,0.0
5287,0.01,0.0
5288,0.01,0.0
5289,0.01,0.0
5290,0.01,0.0
5291,0.01,0.0
5292,0.01,0.0
5293,0.01,0.0
5294,0.01,0.0
5295,0.01,0.0
5296,0.01,0.0
5297,0.01,0.0
5298,0.01,0.0
5299,0.01,0.0
5300,0.01,0.01
5301,0.01,0.01
5302,0.01,0.01
5303,0.01,0.01
5304,0.01,0.01
5305,0.01,0.01
5306,0.01,0.01
5307,0.01,0.01
5308,0.01,0.01
5309,0.01,0.0
5310,0.01,0.0
5311,0.0,0.0
5312,0.0,0.0
5313,0.0,0.0
5314,0.0,0.0
5315,0.0,0.0
5316,0.0,0.0
5317,0.01,0.0
5318,0.01,0.0
5319,0.01,0.0
5320,0.01,0.0
5321,0.01,0.0
5322,0.01,0.0
5323,0.01,0.0
5324,0.01,0.0
5325,0.01,0.0
5326,0.01,0.0
5327,0.01,0.0
5328,0.01,0.0
5329,0.01,0.0
5330,0.01,0.0
5331,0.01,0.0
5332,0.01,0.0
5333,0.01,0.0
5334,0.01,0.0
5335,0.01,0.0
5336,0.01,0.0
5337,0.0,0.0
5338,0.01,0.0
5339,0.01,0.0
5340,0.01,0.0
5341,0.01,0.0
5342,0.01,0.0
5343,0.01,0.0
5344,0.01,0.0
5345,0.01,0.0
5346,0.01,0.0
5347,0.01,0.0
5348,0.01,0.0
5349,0.01,0.0
5350,0.02,0.0
5351,0.03,0.0
5352,0.02,0.0
5353,0.01,0.0
5354,0.01,0.0
5355,0.01,0.0
5356,0.0,0.0
5357,0.0,0.0
5358,0.0,0.0
5359,0.0,0.0
5360,0.0,0.0
5361,0.0,0.0
5362,0.01,0.0
5363,0.01,0.0
5364,0.01,0.0
5365,0.01,0.0
5366,0.01,0.0
5367,0.01,0.0
5368,0.01,0.0
5369,0.01,0.0
5370,0.01,0.0
5371,0.01,0.0
5372,0.01,0.0
5373,0.01,0.0
5374,0.01,0.0
5375,0.01,0.0
5376,0.01,0.0
5377,0.01,0.0
5378,0.01,0.0
5379,0.01,0.0
5380,0.01,0.0
5381,0.01,0.0
5382,0.01,0.0
5383,0.01,0.0
5384,0.01,0.0
5385,0.01,0.0
5386,0.01,0.0
5387,0.01,0.0
5388,0.01,0.0
5389,0.0,0.0
5390,0.0,0.0
5391,0.0,0.0
5392,0.0,0.0
5393,0.0,0.0
5394,0.0,0.0
5395,0.0,0.0
5396,0.0,0.0
5397,0.0,0.0
5398,0.0,0.0
5399,0.0,0.0
5400,0.0,0.0
5401,0.0,0.0
5402,0.0,0.0
5403,0.0,0.0
5404,0.0,0.0
5405,0.0,0.0
5406,0.0,0.0
5407,0.0,0.0
5408,0.0,0.0
5409,0.0,0.0
5410,0.0,0.0
5411,0.0,0.0
5412,0.0,0.0
5413,0.0,0.0
5414,0.0,0.0
5415,0.0,0.0
5416,0.01,0.0
5417,0.01,0.0
5418,0.01,0.0
5419,0.01,0.0
5420,0.01,0.0
5421,0.01,0.0
5422,0.0,0.0
5423,0.0,0.0
5424,0.0,0.0
5425,0.0,0.0
5426,0.0,0.0
5427,0.0,0.0
5428,0.0,0.0
5429,0.0,0.0
5430,0.0,0.0
5431,0.01,0.0
5432,0.01,0.0
5433,0.01,0.0
5434,0.0,0.0
5435,0.0,0.0
5436,0.0,0.0
5437,0.0,0.0
5438,0.0,0.0
5439,0.0,0.0
5440,0.0,0.0
5441,0.0,0.0
5442,0.0,0.0
5443,0.0,0.0
5444,0.0,0.0
5445,0.0,0.0
5446,0.0,0.0
5447,0.0,0.0
5448,0.0,0.0
5449,0.0,0.0
5450,0.0,0.0
5451,0.0,0.0
5452,0.0,0.0
5453,0.0,0.0
5454,0.0,0.0
5455,0.0,0.0
5456,0.0,0.0
5457,0.0,0.0
5458,0.0,0.0
5459,0.0,0.0
5460,0.0,0.0
5461,0.0,0.0
5462,0.01,0.0
5463,0.01,0.0
5464,0.01,0.0
5465,0.01,0.0
5466,0.01,0.0
5467,0.01,0.0
5468,0.01,0.0
5469,0.01,0.0
5470,0.01,0.0
5471,0.01,0.0
5472,0.01,0.0
5473,0.01,0.0
5474,0.01,0.0
5475,0.01,0.0
5476,0.01,0.0
5477,0.01,0.0
5478,0.01,0.0
5479,0.01,0.0
5480,0.01,0.0
5481,0.01,0.0
5482,0.01,0.0
5483,0.01,0.0
5484,0.01,0.0
5485,0.01,0.0
5486,0.01,0.0
5487,0.01,0.0
5488,0.01,0.0
5489,0.01,0.0
5490,0.01,0.0
5491,0.0,0.0
5492,0.0,0.0
5493,0.0,0.0
5494,0.0,0.0
5495,0.0,0.0
5496,0.01,0.0
5497,0.01,0.0
5498,0.01,0.0
5499,0.01,0.0
5500,0.01,0.0
5501,0.01,0.0
5502,0.01,0.0
5503,0.01,0.0
5504,0.01,0.0
5505,0.01,0.0
5506,0.01,0.0
5507,0.01,0.0
5508,0.0,0.0
5509,0.0,0.0
5510,0.0,0.0
5511,0.0,0.0
5512,0.0,0.0
5513,0.01,0.0
5514,0.01,0.0
5515,0.01,0.0
5516,0.01,0.0
5517,0.01,0.0
5518,0.01,0.0
5519,0.01,0.0
5520,0.01,0.0
5521,0.01,0.0
5522,0.01,0.0
5523,0.01,0.0
5524,0.01,0.0
5525,0.01,0.0
5526,0.01,0.0
5527,0.01,0.0
5528,0.01,0.0
5529,0.01,0.0
5530,0.01,0.0
5531,0.01,0.0
5532,0.01,0.0
5533,0.01,0.0
5534,0.01,0.0
5535,0.01,0.0
5536,0.01,0.0
5537,0.01,0.0
5538,0.01,0.0
5539,0.01,0.0
5540,0.01,0.0
5541,0.0,0.0
5542,0.0,0.01
5543,0.0,0.01
5544,0.0,0.01
5545,0.0,0.01
5546,0.0,0.01
5547,0.0,0.01
5548,0.0,0.01
5549,0.0,0.01
5550,0.0,0.01
5551,0.0,0.01
5552,0.0,0.01
5553,0.0,0.01
5554,0.0,0.01
5555,0.0,0.01
5556,0.0,0.01
5557,0.0,0.0
5558,0.0,0.0
5559,0.0,0.0
5560,0.0,0.01
5561,0.0,0.01
5562,0.0,0.0
5563,0.01,0.0
5564,0.01,0.0
5565,0.01,0.0
5566,0.0,0.0
5567,0.0,0.0
5568,0.0,0.0
5569,0.0,0.0
5570,0.0,0.0
5571,0.0,0.0
5572,0.0,0.0
5573,0.0,0.0
5574,0.0,0.0
5575,0.01,0.0
5576,0.01,0.0
5577,0.01,0.0
5578,0.01,0.0
5579,0.0,0.0
5580,0.0,0.0
5581,0.0,0.0
5582,0.0,0.0
5583,0.0,0.0
5584,0.0,0.0
5585,0.01,0.0
5586,0.01,0.0
5587,0.01,0.0
5588,0.01,0.0
5589,0.01,0.0
5590,0.01,0.0
5591,0.01,0.0
5592,0.01,0.0
5593,0.01,0.0
5594,0.01,0.0
5595,0.01,0.0
5596,0.01,0.0
5597,0.01,0.0
5598,0.01,0.0
5599,0.01,0.0
5600,0.01,0.0
5601,0.01,0.0
5602,0.01,0.0
5603,0.01,0.0
5604,0.01,0.0
5605,0.01,0.0
5606,0.01,0.0
5607,0.01,0.0
5608,0.01,0.0
5609,0.01,0.0
5610,0.01,0.0
5611,0.01,0.0
5612,0.01,0.0
5613,0.01,0.0
5614,0.01,0.0
5615,0.01,0.0
5616,0.01,0.0
5617,0.0,0.0
5618,0.0,0.0
5619,0.0,0.0
5620,0.0,0.0
5621,0.0,0.0
5622,0.01,0.0
5623,0.01,0.01
5624,0.01,0.01
5625,0.01,0.01
5626,0.01,0.01
5627,0.01,0.0
5628,0.01,0.0
5629,0.01,0.0
5630,0.01,0.0
5631,0.01,0.0
5632,0.01,0.0
5633,0.01,0.0
5634,0.01,0.0
5635,0.01,0.0
5636,0.01,0.0
5637,0.01,0.0
5638,0.01,0.0
5639,0.01,0.0
5640,0.01,0.0
5641,0.01,0.0
5642,0.01,0.0
5643,0.01,0.0
5644,0.01,0.0
5645,0.01,0.0
5646,0.01,0.0
5647,0.01,0.0
5648,0.01,0.0
5649,0.01,0.0
5650,0.01,0.0
5651,0.01,0.0
5652,0.01,0.0
5653,0.01,0.0
5654,0.01,0.0
5655,0.01,0.0
5656,0.01,0.0
5657,0.01,0.0
5658,0.01,0.0
5659,0.01,0.0
5660,0.01,0.0
5661,0.01,0.0
5662,0.01,0.0
5663,0.01,0.0
5664,0.01,0.0
5665,0.01,0.0
5666,0.01,0.0
5667,0.01,0.0
5668,0.01,0.0
5669,0.01,0.0
5670,0.01,0.0
5671,0.01,0.0
5672,0.01,0.0
5673,0.01,0.0
5674,0.01,0.0
5675,0.01,0.0
5676,0.01,0.0
5677,0.01,0.0
5678,0.01,0.0
5679,0.01,0.0
5680,0.01,0.0
5681,0.01,0.0
5682,0.01,0.0
5683,0.01,0.0
5684,0.01,0.0
5685,0.01,0.0
5686,0.01,0.0
5687,0.01,0.0
5688,0.01,0.0
5689,0.01,0.0
5690,0.01,0.0
5691,0.01,0.01
5692,0.0,0.01
5693,0.0,0.01
5694,0.0,0.01
5695,0.0,0.01
5696,0.0,0.01
5697,0.0,0.01
5698,0.0,0.01
5699,0.0,0.01
5700,0.0,0.01
5701,0.0,0.01
5702,0.0,0.01
5703,0.0,0.01
5704,0.0,0.01
5705,0.0,0.01
5706,0.0,0.01
5707,0.0,0.01
5708,0.0,0.01
5709,0.0,0.01
5710,0.0,0.01
5711,0.0,0.01
5712,0.0,0.01
5713,0.0,0.01
5714,0.0,0.01
5715,0.0,0.01
5716,0.01,0.01
5717,0.01,0.01
5718,0.01,0.01
5719,0.01,0.0
5720,0.01,0.0
5721,0.01,0.0
5722,0.01,0.0
5723,0.01,0.0
5724,0.02,0.0
5725,0.03,0.0
5726,0.03,0.0
5727,0.02,0.0
5728,0.03,0.0
5729,0.01,0.0
5730,0.0,0.0
5731,0.0,0.0
5732,0.0,0.0
5733,0.0,0.0
5734,0.0,0.0
5735,0.0,0.0
5736,0.0,0.0
5737,0.0,0.0
5738,0.0,0.0
5739,0.0,0.0
5740,0.0,0.0
5741,0.0,0.0
5742,0.0,0.0
5743,0.0,0.0
5744,0.0,0.0
5745,0.0,0.0
5746,0.0,0.0
5747,0.0,0.0
5748,0.0,0.0
5749,0.0,0.0
5750,0.0,0.0
5751,0.0,0.0
5752,0.0,0.0
5753,0.0,0.0
5754,0.0,0.0
5755,0.0,0.01
5756,0.0,0.01
5757,0.0,0.01
5758,0.0,0.01
5759,0.0,0.01
5760,0.0,0.01
5761,0.0,0.01
5762,0.0,0.01
5763,0.0,0.01
5764,0.0,0.01
5765,0.0,0.0
5766,0.0,0.0
5767,0.0,0.0
5768,0.0,0.01
5769,0.0,0.01
5770,0.0,0.01
5771,0.0,0.0
5772,0.0,0.0
5773,0.0,0.0
5774,0.0,0.0
5775,0.0,0.0
5776,0.0,0.0
5777,0.0,0.0
5778,0.0,0.0
5779,0.0,0.0
5780,0.0,0.0
5781,0.0,0.0
5782,0.0,0.0
5783,0.0,0.0
5784,0.0,0.0
5785,0.0,0.0
5786,0.0,0.0
5787,0.0,0.0
5788,0.0,0.0
5789,0.0,0.0
5790,0.0,0.0
5791,0.0,0.0
5792,0.0,0.0
5793,0.0,0.0
5794,0.0,0.0
5795,0.0,0.0
5796,0.0,0.01
5797,0.0,0.01
5798,0.0,0.01
5799,0.0,0.01
5800,0.0,0.01
5801,0.0,0.01
5802,0.0,0.0
5803,0.0,0.0
5804,0.0,0.0
5805,0.0,0.0
5806,0.0,0.0
5807,0.0,0.0
5808,0.0,0.0
5809,0.0,0.0
5810,0.0,0.0
5811,0.0,0.0
5812,0.0,0.0
5813,0.0,0.0
5814,0.0,0.0
5815,0.0,0.0
5816,0.0,0.0
5817,0.0,0.0
5818,0.0,0.0
5819,0.0,0.0
5820,0.0,0.0
5821,0.01,0.0
5822,0.01,0.0
5823,0.01,0.0
5824,0.0,0.0
5825,0.0,0.0
5826,0.0,0.0
5827,0.0,0.0
5828,0.0,0.0
5829,0.01,0.0
5830,0.01,0.0
5831,0.01,0.0
5832,0.02,0.0
5833,0.02,0.0
5834,0.02,0.0
5835,0.02,0.0
5836,0.02,0.0
5837,0.03,0.0
5838,0.04,0.0
5839,0.04,0.0
5840,0.02,0.0
5841,0.01,0.0
5842,0.0,0.0
5843,0.0,0.0
5844,0.0,0.0
5845,0.0,0.0
5846,0.0,0.0
5847,0.0,0.0
5848,0.0,0.0
5849,0.0,0.0
5850,0.0,0.0
5851,0.0,0.0
5852,0.0,0.0
5853,0.0,0.0
5854,0.0,0.0
5855,0.0,0.0
5856,0.0,0.0
5857,0.0,0.0
5858,0.0,0.0
5859,0.0,0.0
5860,0.0,0.0
5861,0.0,0.0
5862,0.0,0.0
5863,0.0,0.0
5864,0.0,0.0
5865,0.0,0.01
5866,0.0,0.01
5867,0.0,0.02
5868,0.0,0.01
5869,0.0,0.04
5870,0.0,0.03
5871,0.0,0.02
5872,0.0,0.01
5873,0.0,0.01
5874,0.0,0.01
5875,0.0,0.01
5876,0.0,0.01
5877,0.0,0.0
5878,0.0,0.0
5879,0.0,0.0
5880,0.0,0.0
5881,0.0,0.01
5882,0.0,0.01
5883,0.0,0.01
5884,0.0,0.01
5885,0.0,0.01
5886,0.0,0.0
5887,0.0,0.0
5888,0.0,0.0
5889,0.0,0.0
5890,0.0,0.0
5891,0.0,0.0
5892,0.0,0.0
5893,0.0,0.0
5894,0.0,0.0
5895,0.0,0.0
5896,0.0,0.0
5897,0.0,0.0
5898,0.0,0.0
5899,0.0,0.0
5900,0.0,0.0
5901,0.0,0.0
5902,0.0,0.0
5903,0.0,0.0
5904,0.0,0.0
5905,0.0,0.0
5906,0.0,0.0
5907,0.0,0.0
5908,0.0,0.0
5909,0.0,0.0
5910,0.0,0.0
5911,0.0,0.0
5912,0.01,0.0
5913,0.01,0.0
5914,0.01,0.0
5915,0.01,0.0
5916,0.01,0.0
5917,0.0,0.0
5918,0.0,0.0
5919,0.0,0.0
5920,0.01,0.0
5921,0.01,0.0
5922,0.01,0.0
5923,0.01,0.0
5924,0.01,0.0
5925,0.0,0.0
5926,0.0,0.0
5927,0.0,0.0
5928,0.0,0.0
5929,0.0,0.0
5930,0.0,0.0
5931,0.0,0.0
5932,0.0,0.0
5933,0.0,0.0
5934,0.0,0.0
5935,0.0,0.0
5936,0.0,0.0
5937,0.0,0.0
5938,0.0,0.0
5939,0.0,0.01
5940,0.0,0.02
5941,0.0,0.09
5942,0.0,0.16
5943,0.0,0.24
5944,0.0,0.23
5945,0.0,0.27
5946,0.0,0.28
5947,0.0,0.28
5948,0.0,0.28
5949,0.0,0.25
5950,0.0,0.2
5951,0.0,0.17
5952,0.0,0.15
5953,0.0,0.09
5954,0.0,0.05
5955,0.0,0.04
5956,0.0,0.03
5957,0.0,0.02
5958,0.0,0.01
5959,0.0,0.01
5960,0.0,0.0
5961,0.0,0.0
5962,0.0,0.0
5963,0.0,0.0
5964,0.0,0.0
5965,0.0,0.0
5966,0.0,0.0
5967,0.0,0.0
5968,0.0,0.0
5969,0.0,0.0
5970,0.0,0.0
5971,0.0,0.0
5972,0.0,0.0
5973,0.0,0.0
5974,0.0,0.0
5975,0.0,0.0
5976,0.0,0.0
5977,0.0,0.0
5978,0.0,0.0
5979,0.0,0.0
5980,0.0,0.0
5981,0.0,0.0
5982,0.0,0.0
5983,0.0,0.0
5984,0.0,0.0
5985,0.0,0.0
5986,0.0,0.01
5987,0.0,0.05
5988,0.0,0.13
5989,0.0,0.18
5990,0.0,0.26
5991,0.0,0.16
5992,0.0,0.06
5993,0.0,0.14
5994,0.0,0.34
5995,0.0,0.19
5996,0.0,0.02
5997,0.0,0.01
5998,0.0,0.0
5999,0.0,0.0
6000,0.0,0.0
6001,0.0,0.0
6002,0.0,0.0
6003,0.0,0.0
6004,0.0,0.0
6005,0.01,0.0
6006,0.01,0.0
6007,0.01,0.0
6008,0.02,0.0
6009,0.02,0.0
6010,0.02,0.0
6011,0.02,0.0
6012,0.02,0.0
6013,0.02,0.0
6014,0.02,0.0
6015,0.02,0.0
6016,0.01,0.0
6017,0.01,0.0
6018,0.01,0.0
6019,0.01,0.0
6020,0.0,0.0
6021,0.0,0.0
6022,0.0,0.0
6023,0.0,0.0
6024,0.0,0.0
6025,0.0,0.0
6026,0.0,0.01
6027,0.0,0.01
6028,0.0,0.01
6029,0.0,0.0
6030,0.0,0.0
6031,0.0,0.0
6032,0.0,0.0
6033,0.0,0.0
6034,0.0,0.0
6035,0.01,0.0
6036,0.01,0.0
6037,0.02,0.0
6038,0.01,0.0
6039,0.01,0.0
6040,0.01,0.0
6041,0.0,0.0
6042,0.0,0.0
6043,0.0,0.0
6044,0.0,0.0
6045,0.0,0.0
6046,0.0,0.0
6047,0.0,0.0
6048,0.0,0.0
6049,0.0,0.0
6050,0.0,0.0
6051,0.0,0.0
6052,0.0,0.0
6053,0.0,0.0
6054,0.0,0.0
6055,0.0,0.0
6056,0.0,0.0
6057,0.0,0.0
6058,0.0,0.0
6059,0.0,0.0
6060,0.0,0.01
6061,0.0,0.01
6062,0.0,0.01
6063,0.0,0.01
6064,0.0,0.0
6065,0.0,0.0
6066,0.0,0.0
6067,0.0,0.0
6068,0.01,0.0
6069,0.01,0.0
6070,0.01,0.0
6071,0.02,0.0
6072,0.01,0.0
6073,0.0,0.01
6074,0.0,0.0
6075,0.0,0.0
6076,0.0,0.0
6077,0.0,0.01
6078,0.0,0.13
6079,0.0,0.17
6080,0.0,0.3
6081,0.0,0.4
6082,0.0,0.34
6083,0.0,0.24
6084,0.01,0.13
6085,0.0,0.01
6086,0.0,0.0
6087,0.01,0.0
6088,0.0,0.0
6089,0.0,0.0
6090,0.01,0.0
6091,0.01,0.0
6092,0.0,0.01
6093,0.0,0.01
6094,0.01,0.02
6095,0.01,0.03
6096,0.02,0.03
6097,0.02,0.04
6098,0.04,0.06
6099,0.03,0.08
6100,0.01,0.09
6101,0.09,0.1
6102,0.1,0.1
6103,0.22,0.09
6104,0.15,0.09
6105,0.1,0.09
6106,0.06,0.09
6107,0.03,0.09
6108,0.04,0.09
6109,0.06,0.09
6110,0.07,0.09
6111,0.1,0.08
6112,0.11,0.08
6113,0.11,0.08
6114,0.1,0.08
6115,0.07,0.09
6116,0.06,0.09
6117,0.04,0.09
6118,0.07,0.09
6119,0.17,0.09
6120,0.2,0.09
6121,0.21,0.09
6122,0.25,0.1
6123,0.28,0.1
6124,0.08,0.11
6125,0.02,0.11
6126,0.01,0.1
6127,0.0,0.05
6128,0.0,0.03
6129,0.0,0.02
6130,0.0,0.01
6131,0.0,0.01
6132,0.01,0.01
6133,0.01,0.01
6134,0.0,0.01
6135,0.0,0.01
6136,0.0,0.02
6137,0.0,0.02
6138,0.01,0.01
6139,0.13,0.01
6140,0.24,0.01
6141,0.24,0.01
6142,0.28,0.01
6143,0.06,0.01
6144,0.0,0.01
6145,0.0,0.01
6146,0.0,0.01
6147,0.0,0.01
6148,0.0,0.01
6149,0.0,0.01
6150,0.0,0.01
6151,0.0,0.01
6152,0.0,0.01
6153,0.0,0.01
6154,0.0,0.01
6155,0.0,0.01
6156,0.0,0.01
6157,0.0,0.01
6158,0.0,0.01
6159,0.0,0.01
6160,0.0,0.01
6161,0.0,0.01
6162,0.0,0.01
6163,0.0,0.01
6164,0.0,0.01
6165,0.0,0.01
6166,0.0,0.02
6167,0.0,0.02
6168,0.0,0.02
6169,0.0,0.02
6170,0.0,0.02
6171,0.0,0.02
6172,0.0,0.02
6173,0.0,0.02
6174,0.0,0.02
6175,0.0,0.02
6176,0.0,0.02
6177,0.0,0.02
6178,0.0,0.02
6179,0.0,0.02
6180,0.0,0.02
6181,0.0,0.02
6182,0.0,0.02
6183,0.0,0.01
6184,0.0,0.01
6185,0.0,0.0
6186,0.0,0.0
6187,0.0,0.01
6188,0.0,0.01
6189,0.01,0.01
6190,0.02,0.01
6191,0.02,0.01
6192,0.02,0.01
6193,0.01,0.01
6194,0.01,0.01
6195,0.01,0.01
6196,0.01,0.01
6197,0.01,0.01
6198,0.01,0.01
6199,0.01,0.01
6200,0.01,0.01
6201,0.01,0.01
6202,0.01,0.01
6203,0.01,0.01
6204,0.01,0.01
6205,0.01,0.01
6206,0.01,0.03
6207,0.03,0.06
6208,0.18,0.08
6209,0.28,0.08
6210,0.39,0.09
6211,0.4,0.09
6212,0.42,0.09
6213,0.38,0.09
6214,0.26,0.09
6215,0.2,0.09
6216,0.15,0.09
6217,0.16,0.09
6218,0.17,0.1
6219,0.17,0.1
6220,0.17,0.11
6221,0.17,0.12
6222,0.15,0.12
6223,0.08,0.13
6224,0.05,0.13
6225,0.04,0.13
6226,0.04,0.13
6227,0.04,0.12
6228,0.05,0.12
6229,0.08,0.12
6230,0.1,0.12
6231,0.1,0.12
6232,0.09,0.12
6233,0.06,0.12
6234,0.09,0.12
6235,0.09,0.12
6236,0.04,0.11
6237,0.01,0.1
6238,0.01,0.07
6239,0.0,0.03
6240,0.0,0.02
6241,0.0,0.01
6242,0.0,0.01
6243,0.0,0.01
6244,0.0,0.01
6245,0.0,0.01
6246,0.0,0.01
6247,0.0,0.01
6248,0.0,0.01
6249,0.0,0.01
6250,0.0,0.01
6251,0.0,0.01
6252,0.0,0.01
6253,0.0,0.01
6254,0.0,0.01
6255,0.0,0.01
6256,0.0,0.01
6257,0.0,0.02
6258,0.0,0.02
6259,0.0,0.02
6260,0.0,0.02
6261,0.0,0.02
6262,0.0,0.02
6263,0.0,0.02
6264,0.0,0.02
6265,0.0,0.02
6266,0.0,0.02
6267,0.0,0.01
6268,0.0,0.01
6269,0.0,0.01
6270,0.0,0.01
6271,0.0,0.01
6272,0.0,0.01
6273,0.0,0.01
6274,0.0,0.01
6275,0.0,0.01
6276,0.0,0.01
6277,0.0,0.01
6278,0.0,0.01
6279,0.0,0.01
6280,0.0,0.01
6281,0.0,0.01
6282,0.0,0.01
6283,0.0,0.01
6284,0.0,0.01
6285,0.0,0.01
6286,0.0,0.01
6287,0.0,0.02
6288,0.0,0.02
6289,0.0,0.02
6290,0.0,0.02
6291,0.0,0.01
6292,0.0,0.01
6293,0.0,0.01
6294,0.01,0.0
6295,0.01,0.01
6296,0.01,0.01
6297,0.01,0.01
6298,0.01,0.01
6299,0.01,0.01
6300,0.01,0.01
6301,0.01,0.01
6302,0.01,0.01
6303,0.0,0.01
6304,0.0,0.01
6305,0.0,0.01
6306,0.0,0.01
6307,0.0,0.01
6308,0.0,0.01
6309,0.0,0.01
6310,0.0,0.01
6311,0.0,0.01
6312,0.0,0.01
6313,0.0,0.01
6314,0.0,0.01
6315,0.0,0.01
6316,0.0,0.01
6317,0.0,0.02
6318,0.0,0.02
6319,0.0,0.01
6320,0.02,0.01
6321,0.01,0.01
6322,0.01,0.01
6323,0.02,0.01
6324,0.04,0.01
6325,0.08,0.01
6326,0.12,0.01
6327,0.1,0.01
6328,0.17,0.01
6329,0.29,0.01
6330,0.31,0.02
6331,0.34,0.01
6332,0.32,0.01
6333,0.25,0.01
6334,0.1,0.01
6335,0.06,0.03
6336,0.04,0.05
6337,0.04,0.06
6338,0.03,0.06
6339,0.02,0.05
6340,0.03,0.03
6341,0.04,0.03
6342,0.05,0.03
6343,0.05,0.06
6344,0.05,0.09
6345,0.06,0.1
6346,0.07,0.1
6347,0.08,0.11
6348,0.09,0.11
6349,0.09,0.13
6350,0.07,0.17
6351,0.06,0.1
6352,0.04,0.04
6353,0.01,0.02
6354,0.0,0.02
6355,0.01,0.02
6356,0.01,0.02
6357,0.01,0.01
6358,0.01,0.02
6359,0.01,0.02
6360,0.01,0.02
6361,0.01,0.02
6362,0.01,0.01
6363,0.01,0.01
6364,0.01,0.01
6365,0.01,0.01
6366,0.0,0.0
6367,0.0,0.0
6368,0.0,0.0
6369,0.0,0.0
6370,0.0,0.0
6371,0.0,0.0
6372,0.0,0.0
6373,0.0,0.0
6374,0.0,0.0
6375,0.0,0.0
6376,0.0,0.0
6377,0.0,0.0
6378,0.0,0.0
6379,0.0,0.0
6380,0.0,0.0
6381,0.0,0.0
6382,0.0,0.0
6383,0.0,0.0
6384,0.0,0.0
6385,0.0,0.0
6386,0.01,0.0
6387,0.01,0.0
6388,0.01,0.0
6389,0.01,0.0
6390,0.01,0.0
6391,0.02,0.0
6392,0.02,0.0
6393,0.02,0.0
6394,0.03,0.0
6395,0.03,0.0
6396,0.03,0.0
6397,0.03,0.0
6398,0.03,0.0
6399,0.03,0.0
6400,0.03,0.0
6401,0.03,0.0
6402,0.03,0.0
6403,0.03,0.0
6404,0.03,0.0
6405,0.02,0.0
6406,0.01,0.0
6407,0.01,0.0
6408,0.01,0.0
6409,0.01,0.0
6410,0.01,0.0
6411,0.01,0.0
6412,0.01,0.0
6413,0.01,0.0
6414,0.03,0.01
6415,0.02,0.0
6416,0.02,0.01
6417,0.01,0.01
6418,0.01,0.01
6419,0.0,0.01
6420,0.0,0.01
6421,0.0,0.01
6422,0.0,0.01
6423,0.0,0.01
6424,0.0,0.0
6425,0.0,0.0
6426,0.0,0.0
6427,0.0,0.0
6428,0.0,0.0
6429,0.0,0.0
6430,0.0,0.0
6431,0.0,0.0
6432,0.0,0.0
6433,0.0,0.0
6434,0.0,0.0
6435,0.0,0.0
6436,0.0,0.0
6437,0.0,0.0
6438,0.0,0.0
6439,0.0,0.0
6440,0.0,0.0
6441,0.0,0.0
6442,0.0,0.0
6443,0.0,0.0
6444,0.0,0.0
6445,0.0,0.0
6446,0.0,0.0
6447,0.0,0.0
6448,0.0,0.0
6449,0.0,0.0
6450,0.0,0.0
6451,0.0,0.0
6452,0.0,0.0
6453,0.0,0.0
6454,0.0,0.0
6455,0.0,0.0
6456,0.0,0.0
6457,0.0,0.0
6458,0.0,0.0
6459,0.0,0.0
6460,0.0,0.0
6461,0.0,0.0
6462,0.0,0.0
6463,0.0,0.0
6464,0.0,0.0
6465,0.0,0.0
6466,0.0,0.0
6467,0.0,0.01
6468,0.0,0.01
6469,0.0,0.01
6470,0.0,0.01
6471,0.0,0.01
6472,0.0,0.0
6473,0.0,0.0
6474,0.0,0.0
6475,0.0,0.0
6476,0.0,0.0
6477,0.0,0.0
6478,0.0,0.0
6479,0.0,0.0
6480,0.0,0.0
6481,0.0,0.0
6482,0.0,0.0
6483,0.0,0.0
6484,0.0,0.0
6485,0.0,0.0
6486,0.0,0.0
6487,0.0,0.0
6488,0.0,0.0
6489,0.0,0.0
6490,0.0,0.0
6491,0.0,0.0
6492,0.0,0.0
6493,0.0,0.0
6494,0.0,0.0
6495,0.0,0.0
6496,0.0,0.0
6497,0.0,0.0
6498,0.0,0.0
6499,0.0,0.0
6500,0.0,0.0
6501,0.0,0.0
6502,0.0,0.0
6503,0.0,0.0
6504,0.0,0.0
6505,0.0,0.0
6506,0.0,0.0
6507,0.0,0.0
6508,0.0,0.0
6509,0.0,0.0
6510,0.0,0.0
6511,0.0,0.0
6512,0.0,0.0
6513,0.0,0.01
6514,0.0,0.01
6515,0.0,0.01
6516,0.0,0.01
6517,0.0,0.01
6518,0.0,0.01
6519,0.0,0.01
6520,0.0,0.01
6521,0.0,0.01
6522,0.0,0.01
6523,0.0,0.01
6524,0.0,0.01
6525,0.0,0.01
6526,0.0,0.01
6527,0.0,0.01
6528,0.0,0.01
6529,0.0,0.01
6530,0.0,0.01
6531,0.0,0.01
6532,0.0,0.01
6533,0.0,0.01
6534,0.0,0.01
6535,0.0,0.01
6536,0.0,0.02
6537,0.0,0.02
6538,0.0,0.02
6539,0.0,0.02
6540,0.0,0.02
6541,0.0,0.02
6542,0.0,0.02
6543,0.0,0.02
6544,0.0,0.01
6545,0.0,0.01
6546,0.0,0.01
6547,0.0,0.01
6548,0.0,0.01
6549,0.0,0.01
6550,0.0,0.01
6551,0.0,0.01
6552,0.0,0.01
6553,0.0,0.01
6554,0.0,0.01
6555,0.0,0.01
6556,0.0,0.01
6557,0.0,0.01
6558,0.0,0.01
6559,0.0,0.01
6560,0.0,0.01
6561,0.0,0.02
6562,0.0,0.02
6563,0.0,0.02
6564,0.0,0.01
6565,0.0,0.01
6566,0.0,0.01
6567,0.0,0.01
6568,0.0,0.01
6569,0.0,0.01
6570,0.0,0.01
6571,0.0,0.01
6572,0.0,0.01
6573,0.0,0.01
6574,0.0,0.01
6575,0.0,0.01
6576,0.0,0.02
6577,0.0,0.02
6578,0.0,0.02
6579,0.0,0.02
6580,0.0,0.02
6581,0.0,0.02
6582,0.0,0.02
6583,0.0,0.02
6584,0.0,0.03
6585,0.0,0.03
6586,0.0,0.04
6587,0.0,0.04
6588,0.0,0.05
6589,0.0,0.05
6590,0.0,0.05
6591,0.0,0.06
6592,0.0,0.06
6593,0.0,0.06
6594,0.0,0.06
6595,0.0,0.06
6596,0.0,0.06
6597,0.0,0.05
6598,0.0,0.05
6599,0.0,0.05
6600,0.0,0.05
6601,0.0,0.05
6602,0.0,0.05
6603,0.0,0.06
6604,0.0,0.06
6605,0.0,0.06
6606,0.0,0.05
6607,0.0,0.05
6608,0.0,0.05
6609,0.0,0.05
6610,0.0,0.05
6611,0.0,0.05
6612,0.0,0.04
6613,0.0,0.04
6614,0.0,0.03
6615,0.0,0.02
6616,0.0,0.01
6617,0.0,0.01
6618,0.0,0.01
6619,0.0,0.01
6620,0.0,0.01
6621,0.0,0.01
6622,0.0,0.01
6623,0.0,0.01
6624,0.0,0.01
6625,0.0,0.01
6626,0.0,0.01
6627,0.0,0.01
6628,0.0,0.01
6629,0.0,0.01
6630,0.0,0.01
6631,0.0,0.01
6632,0.0,0.01
6633,0.0,0.01
6634,0.0,0.01
6635,0.0,0.01
6636,0.0,0.01
6637,0.0,0.01
6638,0.0,0.01
6639,0.0,0.01
6640,0.0,0.01
6641,0.0,0.01
6642,0.0,0.01
6643,0.0,0.01
6644,0.0,0.01
6645,0.0,0.01
6646,0.0,0.01
6647,0.0,0.01
6648,0.0,0.01
6649,0.0,0.01
6650,0.0,0.01
6651,0.0,0.01
6652,0.0,0.01
6653,0.0,0.01
6654,0.0,0.01
6655,0.0,0.01
6656,0.0,0.01
6657,0.0,0.02
6658,0.0,0.02
6659,0.0,0.01
6660,0.0,0.01
6661,0.0,0.01
6662,0.0,0.01
6663,0.0,0.01
6664,0.0,0.01
6665,0.0,0.01
6666,0.0,0.01
6667,0.0,0.01
6668,0.0,0.02
6669,0.0,0.02
6670,0.0,0.02
6671,0.0,0.02
6672,0.0,0.02
6673,0.0,0.02
6674,0.0,0.02
6675,0.0,0.01
6676,0.0,0.01
6677,0.0,0.01
6678,0.0,0.01
6679,0.0,0.01
6680,0.0,0.02
6681,0.0,0.02
6682,0.0,0.04
6683,0.0,0.05
6684,0.0,0.09
6685,0.0,0.1
6686,0.0,0.11
6687,0.0,0.11
6688,0.0,0.1
6689,0.01,0.1
6690,0.0,0.05
6691,0.0,0.02
6692,0.0,0.01
6693,0.0,0.01
6694,0.0,0.01
6695,0.0,0.01
6696,0.0,0.01
6697,0.0,0.01
6698,0.0,0.01
6699,0.0,0.01
6700,0.0,0.01
6701,0.0,0.01
6702,0.0,0.01
6703,0.0,0.01
6704,0.0,0.01
6705,0.0,0.01
6706,0.0,0.01
6707,0.0,0.0
6708,0.0,0.01
6709,0.0,0.01
6710,0.01,0.01
6711,0.01,0.01
6712,0.01,0.01
6713,0.01,0.01
6714,0.01,0.01
6715,0.01,0.01
6716,0.02,0.01
6717,0.03,0.01
6718,0.04,0.01
6719,0.05,0.01
6720,0.07,0.01
6721,0.09,0.01
6722,0.1,0.03
6723,0.1,0.06
6724,0.09,0.07
6725,0.09,0.1
6726,0.08,0.1
6727,0.07,0.1
6728,0.07,0.1
6729,0.07,0.09
6730,0.08,0.09
6731,0.09,0.09
6732,0.12,0.09
6733,0.14,0.09
6734,0.18,0.09
6735,0.28,0.1
6736,0.38,0.1
6737,0.41,0.09
6738,0.35,0.09
6739,0.23,0.09
6740,0.11,0.09
6741,0.05,0.09
6742,0.05,0.09
6743,0.03,0.09
6744,0.03,0.09
6745,0.02,0.09
6746,0.01,0.09
6747,0.01,0.09
6748,0.01,0.09
6749,0.01,0.09
6750,0.01,0.09
6751,0.01,0.09
6752,0.01,0.09
6753,0.01,0.09
6754,0.01,0.09
6755,0.01,0.09
6756,0.01,0.09
6757,0.01,0.09
6758,0.01,0.09
6759,0.02,0.09
6760,0.02,0.09
6761,0.09,0.09
6762,0.29,0.09
6763,0.39,0.09
6764,0.47,0.1
6765,0.43,0.09
6766,0.31,0.09
6767,0.4,0.1
6768,0.42,0.1
6769,0.27,0.1
6770,0.23,0.1
6771,0.14,0.07
6772,0.11,0.03
6773,0.07,0.02
6774,0.02,0.02
6775,0.02,0.02
6776,0.01,0.03
6777,0.0,0.05
6778,0.0,0.04
6779,0.0,0.03
6780,0.0,0.04
6781,0.0,0.05
6782,0.0,0.05
6783,0.0,0.05
6784,0.0,0.05
6785,0.0,0.05
6786,0.0,0.05
6787,0.0,0.05
6788,0.0,0.05
6789,0.0,0.05
6790,0.0,0.04
6791,0.01,0.04
6792,0.01,0.04
6793,0.01,0.03
6794,0.01,0.02
6795,0.01,0.01
6796,0.01,0.01
6797,0.01,0.01
6798,0.01,0.01
6799,0.01,0.01
6800,0.01,0.01
6801,0.01,0.01
6802,0.01,0.01
6803,0.01,0.01
6804,0.01,0.01
6805,0.01,0.01
6806,0.01,0.01
6807,0.01,0.01
6808,0.01,0.01
6809,0.01,0.01
6810,0.01,0.01
6811,0.01,0.01
6812,0.01,0.01
6813,0.01,0.01
6814,0.01,0.01
6815,0.01,0.01
6816,0.01,0.01
6817,0.01,0.01
6818,0.01,0.01
6819,0.0,0.01
6820,0.01,0.01
6821,0.02,0.0
6822,0.01,0.0
6823,0.0,0.0
6824,0.0,0.0
6825,0.0,0.0
6826,0.0,0.0
6827,0.0,0.0
6828,0.0,0.0
6829,0.0,0.0
6830,0.0,0.0
6831,0.0,0.0
6832,0.0,0.0
6833,0.0,0.0
6834,0.0,0.0
6835,0.0,0.0
6836,0.0,0.0
6837,0.0,0.0
6838,0.0,0.0
6839,0.0,0.0
6840,0.0,0.0
6841,0.0,0.0
6842,0.0,0.0
6843,0.0,0.0
6844,0.0,0.0
6845,0.0,0.0
6846,0.0,0.0
6847,0.0,0.0
6848,0.0,0.0
6849,0.0,0.0
6850,0.0,0.0
6851,0.0,0.0
6852,0.0,0.0
6853,0.0,0.0
6854,0.0,0.0
6855,0.0,0.0
6856,0.0,0.0
6857,0.0,0.0
6858,0.0,0.0
6859,0.0,0.0
6860,0.0,0.0
6861,0.0,0.0
6862,0.0,0.0
6863,0.0,0.0
6864,0.0,0.0
6865,0.0,0.0
6866,0.0,0.0
6867,0.0,0.0
6868,0.0,0.0
6869,0.0,0.0
6870,0.0,0.0
6871,0.0,0.0
6872,0.0,0.0
6873,0.0,0.0
6874,0.0,0.0
6875,0.0,0.0
6876,0.0,0.0
6877,0.0,0.0
6878,0.0,0.0
6879,0.0,0.0
6880,0.0,0.0
6881,0.0,0.0
6882,0.0,0.0
6883,0.0,0.0
6884,0.0,0.0
6885,0.0,0.0
6886,0.0,0.0
6887,0.0,0.0
6888,0.0,0.0
6889,0.0,0.0
6890,0.0,0.0
6891,0.0,0.0
6892,0.0,0.0
6893,0.0,0.0
6894,0.0,0.01
6895,0.0,0.01
6896,0.0,0.01
6897,0.0,0.01
6898,0.0,0.01
6899,0.0,0.01
6900,0.0,0.02
6901,0.0,0.02
6902,0.0,0.03
6903,0.0,0.04
6904,0.0,0.04
6905,0.0,0.03
6906,0.0,0.02
6907,0.0,0.01
6908,0.0,0.01
6909,0.0,0.01
6910,0.0,0.01
6911,0.0,0.01
6912,0.0,0.01
6913,0.0,0.0
6914,0.0,0.0
6915,0.0,0.01
6916,0.0,0.01
6917,0.0,0.0
6918,0.0,0.0
6919,0.0,0.0
6920,0.0,0.0
6921,0.0,0.0
6922,0.0,0.0
6923,0.0,0.0
6924,0.0,0.0
6925,0.0,0.0
6926,0.0,0.0
6927,0.0,0.0
6928,0.0,0.0
6929,0.01,0.0
6930,0.01,0.0
6931,0.0,0.0
6932,0.0,0.0
6933,0.0,0.0
6934,0.0,0.0
6935,0.0,0.0
6936,0.0,0.0
6937,0.0,0.0
6938,0.0,0.0
6939,0.0,0.0
6940,0.0,0.0
6941,0.0,0.0
6942,0.0,0.0
6943,0.0,0.0
6944,0.0,0.0
6945,0.0,0.0
6946,0.0,0.0
6947,0.0,0.0
6948,0.0,0.0
6949,0.0,0.0
6950,0.01,0.0
6951,0.01,0.0
6952,0.01,0.0
6953,0.01,0.0
6954,0.01,0.0
6955,0.01,0.0
6956,0.01,0.0
6957,0.01,0.0
6958,0.01,0.0
6959,0.01,0.0
6960,0.01,0.0
6961,0.01,0.0
6962,0.01,0.0
6963,0.01,0.0
6964,0.01,0.0
6965,0.01,0.0
6966,0.01,0.0
6967,0.01,0.0
6968,0.01,0.0
6969,0.01,0.0
6970,0.01,0.0
6971,0.01,0.0
6972,0.01,0.0
6973,0.01,0.0
6974,0.01,0.0
6975,0.0,0.0
6976,0.0,0.0
6977,0.0,0.0
6978,0.0,0.0
6979,0.0,0.0
6980,0.0,0.0
6981,0.0,0.0
6982,0.0,0.0
6983,0.0,0.0
6984,0.0,0.0
6985,0.0,0.0
6986,0.0,0.0
6987,0.0,0.0
6988,0.0,0.0
6989,0.01,0.0
6990,0.01,0.0
6991,0.01,0.0
6992,0.01,0.0
6993,0.01,0.0
6994,0.01,0.0
6995,0.01,0.0
6996,0.01,0.0
6997,0.01,0.0
6998,0.0,0.0
6999,0.0,0.0
7000,0.01,0.0
7001,0.01,0.0
7002,0.01,0.0
7003,0.0,0.0
7004,0.0,0.0
7005,0.0,0.0
7006,0.0,0.0
7007,0.0,0.0
7008,0.0,0.0
7009,0.0,0.0
7010,0.0,0.0
7011,0.0,0.0
7012,0.0,0.0
7013,0.0,0.0
7014,0.0,0.0
7015,0.0,0.0
7016,0.01,0.0
7017,0.01,0.0
7018,0.01,0.0
7019,0.01,0.0
7020,0.01,0.0
7021,0.01,0.0
7022,0.01,0.0
7023,0.01,0.0
7024,0.0,0.0
7025,0.01,0.0
7026,0.01,0.0
7027,0.01,0.0
7028,0.01,0.0
7029,0.01,0.0
7030,0.01,0.0
7031,0.01,0.0
7032,0.01,0.0
7033,0.0,0.0
7034,0.0,0.0
7035,0.0,0.0
7036,0.0,0.0
7037,0.0,0.0
7038,0.0,0.0
7039,0.0,0.0
7040,0.0,0.0
7041,0.0,0.0
7042,0.0,0.0
7043,0.0,0.0
7044,0.0,0.0
7045,0.0,0.0
7046,0.0,0.0
7047,0.0,0.0
7048,0.01,0.0
7049,0.01,0.0
7050,0.01,0.0
7051,0.01,0.0
7052,0.01,0.0
7053,0.01,0.0
7054,0.01,0.0
7055,0.01,0.0
7056,0.01,0.0
7057,0.01,0.0
7058,0.01,0.0
7059,0.01,0.0
7060,0.01,0.0
7061,0.01,0.0
7062,0.01,0.0
7063,0.01,0.0
7064,0.01,0.0
7065,0.01,0.0
7066,0.01,0.0
7067,0.01,0.0
7068,0.01,0.0
7069,0.01,0.0
7070,0.01,0.0
7071,0.01,0.0
7072,0.01,0.0
7073,0.01,0.0
7074,0.0,0.0
7075,0.0,0.0
7076,0.0,0.0
7077,0.0,0.0
7078,0.0,0.0
7079,0.0,0.0
7080,0.0,0.0
7081,0.0,0.0
7082,0.0,0.0
7083,0.0,0.0
7084,0.0,0.0
7085,0.0,0.0
7086,0.0,0.0
7087,0.01,0.0
7088,0.01,0.0
7089,0.01,0.0
7090,0.01,0.0
7091,0.01,0.0
7092,0.01,0.0
7093,0.01,0.0
7094,0.01,0.0
7095,0.01,0.0
7096,0.01,0.0
7097,0.01,0.0
7098,0.01,0.0
7099,0.01,0.0
7100,0.01,0.0
7101,0.01,0.0
7102,0.01,0.0
7103,0.01,0.0
7104,0.01,0.0
7105,0.01,0.0
7106,0.01,0.0
7107,0.01,0.0
7108,0.0,0.0
7109,0.0,0.0
7110,0.0,0.0
7111,0.0,0.0
7112,0.0,0.0
7113,0.0,0.0
7114,0.0,0.0
7115,0.01,0.0
7116,0.01,0.0
7117,0.02,0.0
7118,0.01,0.0
7119,0.01,0.01
7120,0.0,0.01
7121,0.0,0.0
7122,0.0,0.0
7123,0.0,0.0
7124,0.0,0.0
7125,0.0,0.0
7126,0.0,0.0
7127,0.0,0.0
7128,0.0,0.0
7129,0.0,0.0
7130,0.0,0.0
7131,0.0,0.0
7132,0.0,0.0
7133,0.0,0.0
7134,0.0,0.0
7135,0.0,0.0
7136,0.0,0.0
7137,0.0,0.0
7138,0.0,0.0
7139,0.0,0.0
7140,0.0,0.0
7141,0.0,0.0
7142,0.0,0.0
7143,0.0,0.0
7144,0.0,0.0
7145,0.0,0.0
7146,0.0,0.0
7147,0.0,0.0
7148,0.0,0.0
7149,0.0,0.0
7150,0.0,0.0
7151,0.0,0.0
7152,0.0,0.0
7153,0.0,0.0
7154,0.0,0.0
7155,0.0,0.0
7156,0.0,0.0
7157,0.0,0.0
7158,0.01,0.0
7159,0.01,0.0
7160,0.01,0.0
7161,0.01,0.0
7162,0.01,0.0
7163,0.02,0.0
7164,0.02,0.0
7165,0.02,0.0
7166,0.02,0.0
7167,0.03,0.0
7168,0.06,0.0
7169,0.06,0.0
7170,0.1,0.01
7171,0.15,0.01
7172,0.17,0.01
7173,0.19,0.01
7174,0.23,0.01
7175,0.24,0.01
7176,0.27,0.02
7177,0.27,0.03
7178,0.24,0.08
7179,0.16,0.1
7180,0.09,0.13
7181,0.06,0.15
7182,0.05,0.13
7183,0.05,0.13
7184,0.05,0.11
7185,0.06,0.09
7186,0.06,0.08
7187,0.05,0.08
7188,0.04,0.07
7189,0.03,0.07
7190,0.03,0.07
7191,0.03,0.06
7192,0.02,0.04
7193,0.02,0.03
7194,0.01,0.02
7195,0.01,0.02
7196,0.0,0.02
7197,0.0,0.02
7198,0.0,0.02
7199,0.0,0.03
7200,0.0,0.03
7201,0.0,0.02
7202,0.0,0.02
7203,0.0,0.02
7204,0.0,0.02
7205,0.0,0.02
7206,0.0,0.02
7207,0.0,0.02
7208,0.0,0.02
7209,0.0,0.02
7210,0.0,0.02
7211,0.0,0.02
7212,0.0,0.02
7213,0.0,0.02
7214,0.0,0.02
7215,0.0,0.02
7216,0.0,0.02
7217,0.0,0.02
7218,0.0,0.02
7219,0.0,0.02
7220,0.0,0.03
7221,0.0,0.04
7222,0.0,0.05
7223,0.0,0.06
7224,0.0,0.08
7225,0.0,0.08
7226,0.0,0.09
7227,0.0,0.05
7228,0.0,0.02
7229,0.0,0.02
7230,0.0,0.02
7231,0.0,0.02
7232,0.01,0.02
7233,0.03,0.02
7234,0.02,0.02
7235,0.02,0.02
7236,0.01,0.02
7237,0.0,0.02
7238,0.0,0.02
7239,0.0,0.02
7240,0.0,0.02
7241,0.0,0.03
7242,0.0,0.03
7243,0.0,0.03
7244,0.0,0.03
7245,0.0,0.05
7246,0.0,0.07
7247,0.0,0.05
7248,0.0,0.04
7249,0.0,0.03
7250,0.0,0.04
7251,0.0,0.05
7252,0.0,0.08
7253,0.0,0.11
7254,0.0,0.16
7255,0.0,0.34
7256,0.01,0.52
7257,0.01,0.53
7258,0.02,0.51
7259,0.02,0.51
7260,0.02,0.58
7261,0.02,0.42
7262,0.02,0.32
7263,0.02,0.38
7264,0.02,0.32
7265,0.01,0.22
7266,0.01,0.06
7267,0.0,0.01
7268,0.0,0.0
7269,0.0,0.0
7270,0.0,0.0
7271,0.0,0.0
7272,0.0,0.0
7273,0.0,0.0
7274,0.0,0.0
7275,0.0,0.0
7276,0.0,0.0
7277,0.0,0.0
7278,0.0,0.0
7279,0.0,0.0
7280,0.0,0.0
7281,0.0,0.0
7282,0.0,0.0
7283,0.0,0.0
7284,0.0,0.0
7285,0.0,0.0
7286,0.0,0.0
7287,0.0,0.0
7288,0.0,0.0
7289,0.0,0.0
7290,0.0,0.0
7291,0.01,0.0
7292,0.01,0.0
7293,0.0,0.0
7294,0.0,0.0
7295,0.0,0.0
7296,0.0,0.0
7297,0.0,0.0
7298,0.0,0.0
7299,0.0,0.0
7300,0.01,0.0
7301,0.01,0.0
7302,0.02,0.0
7303,0.02,0.0
7304,0.02,0.0
7305,0.02,0.0
7306,0.02,0.0
7307,0.02,0.0
7308,0.01,0.0
7309,0.01,0.0
7310,0.01,0.0
7311,0.01,0.0
7312,0.02,0.0
7313,0.02,0.0
7314,0.02,0.0
7315,0.02,0.0
7316,0.02,0.0
7317,0.02,0.0
7318,0.02,0.0
7319,0.01,0.0
7320,0.01,0.0
7321,0.01,0.0
7322,0.0,0.0
7323,0.0,0.0
7324,0.0,0.0
7325,0.0,0.0
7326,0.0,0.0
7327,0.0,0.0
7328,0.0,0.01
7329,0.0,0.01
7330,0.0,0.01
7331,0.0,0.02
7332,0.0,0.02
7333,0.0,0.03
7334,0.0,0.03
7335,0.0,0.04
7336,0.0,0.04
7337,0.0,0.04
7338,0.0,0.06
7339,0.0,0.07
7340,0.0,0.06
7341,0.0,0.04
7342,0.0,0.03
7343,0.0,0.03
7344,0.0,0.03
7345,0.0,0.03
7346,0.0,0.03
7347,0.0,0.03
7348,0.0,0.03
7349,0.0,0.03
7350,0.0,0.02
7351,0.0,0.02
7352,0.0,0.02
7353,0.0,0.02
7354,0.0,0.02
7355,0.0,0.02
7356,0.0,0.02
7357,0.0,0.02
7358,0.0,0.02
7359,0.0,0.02
7360,0.0,0.02
7361,0.0,0.02
7362,0.0,0.02
7363,0.0,0.02
7364,0.0,0.02
7365,0.0,0.02
7366,0.0,0.02
7367,0.0,0.02
7368,0.0,0.02
7369,0.01,0.02
7370,0.01,0.02
7371,0.01,0.01
7372,0.01,0.01
7373,0.01,0.0
7374,0.01,0.0
7375,0.02,0.0
7376,0.02,0.0
7377,0.02,0.0
7378,0.03,0.0
7379,0.02,0.0
7380,0.02,0.0
